序号,动作ID,动作名称,身体部位,测试侧,阶段,建议原图文件名,项目目标路径,画面内容提示,拍摄要求,待导入图片路径,匹配状态,备注
1,shoulder_abduction,肩外展,肩部,左侧,准备姿势,shoulder_abduction_left_start_肩外展_左侧_准备姿势.png,rehab_codex_single_camera_v2_1/assets/exercise-guides/shoulder_abduction/left/start.png,手臂自然下垂。,正对镜头，髋、肩、肘完整入镜。,,待提供,
2,shoulder_abduction,肩外展,肩部,左侧,完成动作,shoulder_abduction_left_move_肩外展_左侧_完成动作.png,rehab_codex_single_camera_v2_1/assets/exercise-guides/shoulder_abduction/left/move.png,向身体侧方缓慢抬臂。,正对镜头，髋、肩、肘完整入镜。,,待提供,
3,shoulder_abduction,肩外展,肩部,左侧,返回起点,shoulder_abduction_left_return_肩外展_左侧_返回起点.png,rehab_codex_single_camera_v2_1/assets/exercise-guides/shoulder_abduction/left/return.png,缓慢放下，回到起始位置。,正对镜头，髋、肩、肘完整入镜。,,待提供,
4,shoulder_abduction,肩外展,肩部,右侧,准备姿势,shoulder_abduction_right_start_肩外展_右侧_准备姿势.png,rehab_codex_single_camera_v2_1/assets/exercise-guides/shoulder_abduction/right/start.png,手臂自然下垂。,正对镜头，髋、肩、肘完整入镜。,,待提供,
5,shoulder_abduction,肩外展,肩部,右侧,完成动作,shoulder_abduction_right_move_肩外展_右侧_完成动作.png,rehab_codex_single_camera_v2_1/assets/exercise-guides/shoulder_abduction/right/move.png,向身体侧方缓慢抬臂。,正对镜头，髋、肩、肘完整入镜。,,待提供,
6,shoulder_abduction,肩外展,肩部,右侧,返回起点,shoulder_abduction_right_return_肩外展_右侧_返回起点.png,rehab_codex_single_camera_v2_1/assets/exercise-guides/shoulder_abduction/right/return.png,缓慢放下，回到起始位置。,正对镜头，髋、肩、肘完整入镜。,,待提供,
7,sit_to_stand,居家坐站,膝部,左侧,准备姿势,sit_to_stand_left_start_居家坐站_左侧_准备姿势.png,rehab_codex_single_camera_v2_1/assets/exercise-guides/sit_to_stand/left/start.png,坐在固定座椅上，按计划使用扶手或支撑。,从测试侧拍摄，髋、膝、踝完整入镜。,,待提供,
8,sit_to_stand,居家坐站,膝部,左侧,完成动作,sit_to_stand_left_move_居家坐站_左侧_完成动作.png,rehab_codex_single_camera_v2_1/assets/exercise-guides/sit_to_stand/left/move.png,按已确认计划缓慢起立，到达已记录的站位。,从测试侧拍摄，髋、膝、踝完整入镜。,,待提供,
9,sit_to_stand,居家坐站,膝部,左侧,返回起点,sit_to_stand_left_return_居家坐站_左侧_返回起点.png,rehab_codex_single_camera_v2_1/assets/exercise-guides/sit_to_stand/left/return.png,缓慢回坐。回坐后才可开始下一次。,从测试侧拍摄，髋、膝、踝完整入镜。,,待提供,
10,sit_to_stand,居家坐站,膝部,右侧,准备姿势,sit_to_stand_right_start_居家坐站_右侧_准备姿势.png,rehab_codex_single_camera_v2_1/assets/exercise-guides/sit_to_stand/right/start.png,坐在固定座椅上，按计划使用扶手或支撑。,从测试侧拍摄，髋、膝、踝完整入镜。,,待提供,
11,sit_to_stand,居家坐站,膝部,右侧,完成动作,sit_to_stand_right_move_居家坐站_右侧_完成动作.png,rehab_codex_single_camera_v2_1/assets/exercise-guides/sit_to_stand/right/move.png,按已确认计划缓慢起立，到达已记录的站位。,从测试侧拍摄，髋、膝、踝完整入镜。,,待提供,
12,sit_to_stand,居家坐站,膝部,右侧,返回起点,sit_to_stand_right_return_居家坐站_右侧_返回起点.png,rehab_codex_single_camera_v2_1/assets/exercise-guides/sit_to_stand/right/return.png,缓慢回坐。回坐后才可开始下一次。,从测试侧拍摄，髋、膝、踝完整入镜。,,待提供,
13,shoulder_flexion,肩前屈,肩部,左侧,准备姿势,shoulder_flexion_left_start_肩前屈_左侧_准备姿势.png,rehab_codex_single_camera_v2_1/assets/exercise-guides/shoulder_flexion/left/start.png,手臂自然下垂。,测试侧朝向镜头，髋、肩、肘完整入镜。,,待提供,
14,shoulder_flexion,肩前屈,肩部,左侧,完成动作,shoulder_flexion_left_move_肩前屈_左侧_完成动作.png,rehab_codex_single_camera_v2_1/assets/exercise-guides/shoulder_flexion/left/move.png,向身体前方缓慢抬臂。,测试侧朝向镜头，髋、肩、肘完整入镜。,,待提供,
15,shoulder_flexion,肩前屈,肩部,左侧,返回起点,shoulder_flexion_left_return_肩前屈_左侧_返回起点.png,rehab_codex_single_camera_v2_1/assets/exercise-guides/shoulder_flexion/left/return.png,缓慢放下，回到起始位置。,测试侧朝向镜头，髋、肩、肘完整入镜。,,待提供,
16,shoulder_flexion,肩前屈,肩部,右侧,准备姿势,shoulder_flexion_right_start_肩前屈_右侧_准备姿势.png,rehab_codex_single_camera_v2_1/assets/exercise-guides/shoulder_flexion/right/start.png,手臂自然下垂。,测试侧朝向镜头，髋、肩、肘完整入镜。,,待提供,
17,shoulder_flexion,肩前屈,肩部,右侧,完成动作,shoulder_flexion_right_move_肩前屈_右侧_完成动作.png,rehab_codex_single_camera_v2_1/assets/exercise-guides/shoulder_flexion/right/move.png,向身体前方缓慢抬臂。,测试侧朝向镜头，髋、肩、肘完整入镜。,,待提供,
18,shoulder_flexion,肩前屈,肩部,右侧,返回起点,shoulder_flexion_right_return_肩前屈_右侧_返回起点.png,rehab_codex_single_camera_v2_1/assets/exercise-guides/shoulder_flexion/right/return.png,缓慢放下，回到起始位置。,测试侧朝向镜头，髋、肩、肘完整入镜。,,待提供,
19,elbow_flexion,肘屈伸,肘部,左侧,准备姿势,elbow_flexion_left_start_肘屈伸_左侧_准备姿势.png,rehab_codex_single_camera_v2_1/assets/exercise-guides/elbow_flexion/left/start.png,舒适伸肘，不要用力绷直。,从测试侧拍摄，肩、肘、腕完整入镜。,,待提供,
20,elbow_flexion,肘屈伸,肘部,左侧,完成动作,elbow_flexion_left_move_肘屈伸_左侧_完成动作.png,rehab_codex_single_camera_v2_1/assets/exercise-guides/elbow_flexion/left/move.png,上臂保持原位，缓慢屈肘。,从测试侧拍摄，肩、肘、腕完整入镜。,,待提供,
21,elbow_flexion,肘屈伸,肘部,左侧,返回起点,elbow_flexion_left_return_肘屈伸_左侧_返回起点.png,rehab_codex_single_camera_v2_1/assets/exercise-guides/elbow_flexion/left/return.png,缓慢伸肘，回到起点。,从测试侧拍摄，肩、肘、腕完整入镜。,,待提供,
22,elbow_flexion,肘屈伸,肘部,右侧,准备姿势,elbow_flexion_right_start_肘屈伸_右侧_准备姿势.png,rehab_codex_single_camera_v2_1/assets/exercise-guides/elbow_flexion/right/start.png,舒适伸肘，不要用力绷直。,从测试侧拍摄，肩、肘、腕完整入镜。,,待提供,
23,elbow_flexion,肘屈伸,肘部,右侧,完成动作,elbow_flexion_right_move_肘屈伸_右侧_完成动作.png,rehab_codex_single_camera_v2_1/assets/exercise-guides/elbow_flexion/right/move.png,上臂保持原位，缓慢屈肘。,从测试侧拍摄，肩、肘、腕完整入镜。,,待提供,
24,elbow_flexion,肘屈伸,肘部,右侧,返回起点,elbow_flexion_right_return_肘屈伸_右侧_返回起点.png,rehab_codex_single_camera_v2_1/assets/exercise-guides/elbow_flexion/right/return.png,缓慢伸肘，回到起点。,从测试侧拍摄，肩、肘、腕完整入镜。,,待提供,
25,knee_extension,坐位膝屈伸,膝部,左侧,准备姿势,knee_extension_left_start_坐位膝屈伸_左侧_准备姿势.png,rehab_codex_single_camera_v2_1/assets/exercise-guides/knee_extension/left/start.png,坐稳，膝盖保持舒适弯曲。,从测试侧拍摄，髋、膝、踝完整入镜。,,待提供,
26,knee_extension,坐位膝屈伸,膝部,左侧,完成动作,knee_extension_left_move_坐位膝屈伸_左侧_完成动作.png,rehab_codex_single_camera_v2_1/assets/exercise-guides/knee_extension/left/move.png,保持坐稳，缓慢伸膝。,从测试侧拍摄，髋、膝、踝完整入镜。,,待提供,
27,knee_extension,坐位膝屈伸,膝部,左侧,返回起点,knee_extension_left_return_坐位膝屈伸_左侧_返回起点.png,rehab_codex_single_camera_v2_1/assets/exercise-guides/knee_extension/left/return.png,缓慢屈膝，回到起始坐位。,从测试侧拍摄，髋、膝、踝完整入镜。,,待提供,
28,knee_extension,坐位膝屈伸,膝部,右侧,准备姿势,knee_extension_right_start_坐位膝屈伸_右侧_准备姿势.png,rehab_codex_single_camera_v2_1/assets/exercise-guides/knee_extension/right/start.png,坐稳，膝盖保持舒适弯曲。,从测试侧拍摄，髋、膝、踝完整入镜。,,待提供,
29,knee_extension,坐位膝屈伸,膝部,右侧,完成动作,knee_extension_right_move_坐位膝屈伸_右侧_完成动作.png,rehab_codex_single_camera_v2_1/assets/exercise-guides/knee_extension/right/move.png,保持坐稳，缓慢伸膝。,从测试侧拍摄，髋、膝、踝完整入镜。,,待提供,
30,knee_extension,坐位膝屈伸,膝部,右侧,返回起点,knee_extension_right_return_坐位膝屈伸_右侧_返回起点.png,rehab_codex_single_camera_v2_1/assets/exercise-guides/knee_extension/right/return.png,缓慢屈膝，回到起始坐位。,从测试侧拍摄，髋、膝、踝完整入镜。,,待提供,
31,hip_abduction,髋外展,髋部,左侧,准备姿势,hip_abduction_left_start_髋外展_左侧_准备姿势.png,rehab_codex_single_camera_v2_1/assets/exercise-guides/hip_abduction/left/start.png,按已确认的支撑安排站稳，测试腿自然下垂。,正对镜头，双髋与测试侧膝入镜。,,待提供,
32,hip_abduction,髋外展,髋部,左侧,完成动作,hip_abduction_left_move_髋外展_左侧_完成动作.png,rehab_codex_single_camera_v2_1/assets/exercise-guides/hip_abduction/left/move.png,向身体侧方缓慢移腿。,正对镜头，双髋与测试侧膝入镜。,,待提供,
33,hip_abduction,髋外展,髋部,左侧,返回起点,hip_abduction_left_return_髋外展_左侧_返回起点.png,rehab_codex_single_camera_v2_1/assets/exercise-guides/hip_abduction/left/return.png,缓慢收回，回到起始位置。,正对镜头，双髋与测试侧膝入镜。,,待提供,
34,hip_abduction,髋外展,髋部,右侧,准备姿势,hip_abduction_right_start_髋外展_右侧_准备姿势.png,rehab_codex_single_camera_v2_1/assets/exercise-guides/hip_abduction/right/start.png,按已确认的支撑安排站稳，测试腿自然下垂。,正对镜头，双髋与测试侧膝入镜。,,待提供,
35,hip_abduction,髋外展,髋部,右侧,完成动作,hip_abduction_right_move_髋外展_右侧_完成动作.png,rehab_codex_single_camera_v2_1/assets/exercise-guides/hip_abduction/right/move.png,向身体侧方缓慢移腿。,正对镜头，双髋与测试侧膝入镜。,,待提供,
36,hip_abduction,髋外展,髋部,右侧,返回起点,hip_abduction_right_return_髋外展_右侧_返回起点.png,rehab_codex_single_camera_v2_1/assets/exercise-guides/hip_abduction/right/return.png,缓慢收回，回到起始位置。,正对镜头，双髋与测试侧膝入镜。,,待提供,
37,shoulder_adduction,肩内收回位,肩部,左侧,准备姿势,shoulder_adduction_left_start_肩内收回位_左侧_准备姿势.png,rehab_codex_single_camera_v2_1/assets/exercise-guides/shoulder_adduction/left/start.png,手臂侧抬到舒适位置，不要求达到水平。,正对镜头，髋、肩、肘完整入镜。 先侧抬臂记录起点，再向身体收回；不是横向抱胸。,,待提供,
38,shoulder_adduction,肩内收回位,肩部,左侧,完成动作,shoulder_adduction_left_move_肩内收回位_左侧_完成动作.png,rehab_codex_single_camera_v2_1/assets/exercise-guides/shoulder_adduction/left/move.png,向身体方向缓慢收回手臂。,正对镜头，髋、肩、肘完整入镜。 先侧抬臂记录起点，再向身体收回；不是横向抱胸。,,待提供,
39,shoulder_adduction,肩内收回位,肩部,左侧,返回起点,shoulder_adduction_left_return_肩内收回位_左侧_返回起点.png,rehab_codex_single_camera_v2_1/assets/exercise-guides/shoulder_adduction/left/return.png,向侧方抬回刚才记录的起点。,正对镜头，髋、肩、肘完整入镜。 先侧抬臂记录起点，再向身体收回；不是横向抱胸。,,待提供,
40,shoulder_adduction,肩内收回位,肩部,右侧,准备姿势,shoulder_adduction_right_start_肩内收回位_右侧_准备姿势.png,rehab_codex_single_camera_v2_1/assets/exercise-guides/shoulder_adduction/right/start.png,手臂侧抬到舒适位置，不要求达到水平。,正对镜头，髋、肩、肘完整入镜。 先侧抬臂记录起点，再向身体收回；不是横向抱胸。,,待提供,
41,shoulder_adduction,肩内收回位,肩部,右侧,完成动作,shoulder_adduction_right_move_肩内收回位_右侧_完成动作.png,rehab_codex_single_camera_v2_1/assets/exercise-guides/shoulder_adduction/right/move.png,向身体方向缓慢收回手臂。,正对镜头，髋、肩、肘完整入镜。 先侧抬臂记录起点，再向身体收回；不是横向抱胸。,,待提供,
42,shoulder_adduction,肩内收回位,肩部,右侧,返回起点,shoulder_adduction_right_return_肩内收回位_右侧_返回起点.png,rehab_codex_single_camera_v2_1/assets/exercise-guides/shoulder_adduction/right/return.png,向侧方抬回刚才记录的起点。,正对镜头，髋、肩、肘完整入镜。 先侧抬臂记录起点，再向身体收回；不是横向抱胸。,,待提供,
43,elbow_extension,肘伸展,肘部,左侧,准备姿势,elbow_extension_left_start_肘伸展_左侧_准备姿势.png,rehab_codex_single_camera_v2_1/assets/exercise-guides/elbow_extension/left/start.png,保持舒适屈肘姿势。,从测试侧拍摄，肩、肘、腕完整入镜。,,待提供,
44,elbow_extension,肘伸展,肘部,左侧,完成动作,elbow_extension_left_move_肘伸展_左侧_完成动作.png,rehab_codex_single_camera_v2_1/assets/exercise-guides/elbow_extension/left/move.png,上臂保持原位，缓慢伸肘。,从测试侧拍摄，肩、肘、腕完整入镜。,,待提供,
45,elbow_extension,肘伸展,肘部,左侧,返回起点,elbow_extension_left_return_肘伸展_左侧_返回起点.png,rehab_codex_single_camera_v2_1/assets/exercise-guides/elbow_extension/left/return.png,缓慢屈肘，回到起点。,从测试侧拍摄，肩、肘、腕完整入镜。,,待提供,
46,elbow_extension,肘伸展,肘部,右侧,准备姿势,elbow_extension_right_start_肘伸展_右侧_准备姿势.png,rehab_codex_single_camera_v2_1/assets/exercise-guides/elbow_extension/right/start.png,保持舒适屈肘姿势。,从测试侧拍摄，肩、肘、腕完整入镜。,,待提供,
47,elbow_extension,肘伸展,肘部,右侧,完成动作,elbow_extension_right_move_肘伸展_右侧_完成动作.png,rehab_codex_single_camera_v2_1/assets/exercise-guides/elbow_extension/right/move.png,上臂保持原位，缓慢伸肘。,从测试侧拍摄，肩、肘、腕完整入镜。,,待提供,
48,elbow_extension,肘伸展,肘部,右侧,返回起点,elbow_extension_right_return_肘伸展_右侧_返回起点.png,rehab_codex_single_camera_v2_1/assets/exercise-guides/elbow_extension/right/return.png,缓慢屈肘，回到起点。,从测试侧拍摄，肩、肘、腕完整入镜。,,待提供,
49,knee_flexion,膝屈曲,膝部,左侧,准备姿势,knee_flexion_left_start_膝屈曲_左侧_准备姿势.png,rehab_codex_single_camera_v2_1/assets/exercise-guides/knee_flexion/left/start.png,在已确认的稳定坐位或支撑姿势中，记录舒适起点。,从测试侧拍摄，髋、膝、踝完整入镜。,,待提供,
50,knee_flexion,膝屈曲,膝部,左侧,完成动作,knee_flexion_left_move_膝屈曲_左侧_完成动作.png,rehab_codex_single_camera_v2_1/assets/exercise-guides/knee_flexion/left/move.png,保持身体稳定，缓慢屈膝。,从测试侧拍摄，髋、膝、踝完整入镜。,,待提供,
51,knee_flexion,膝屈曲,膝部,左侧,返回起点,knee_flexion_left_return_膝屈曲_左侧_返回起点.png,rehab_codex_single_camera_v2_1/assets/exercise-guides/knee_flexion/left/return.png,缓慢伸膝，回到起点。,从测试侧拍摄，髋、膝、踝完整入镜。,,待提供,
52,knee_flexion,膝屈曲,膝部,右侧,准备姿势,knee_flexion_right_start_膝屈曲_右侧_准备姿势.png,rehab_codex_single_camera_v2_1/assets/exercise-guides/knee_flexion/right/start.png,在已确认的稳定坐位或支撑姿势中，记录舒适起点。,从测试侧拍摄，髋、膝、踝完整入镜。,,待提供,
53,knee_flexion,膝屈曲,膝部,右侧,完成动作,knee_flexion_right_move_膝屈曲_右侧_完成动作.png,rehab_codex_single_camera_v2_1/assets/exercise-guides/knee_flexion/right/move.png,保持身体稳定，缓慢屈膝。,从测试侧拍摄，髋、膝、踝完整入镜。,,待提供,
54,knee_flexion,膝屈曲,膝部,右侧,返回起点,knee_flexion_right_return_膝屈曲_右侧_返回起点.png,rehab_codex_single_camera_v2_1/assets/exercise-guides/knee_flexion/right/return.png,缓慢伸膝，回到起点。,从测试侧拍摄，髋、膝、踝完整入镜。,,待提供,
55,shoulder_extension,肩后伸,肩部,左侧,准备姿势,shoulder_extension_left_start_肩后伸_左侧_准备姿势.png,rehab_codex_single_camera_v2_1/assets/exercise-guides/shoulder_extension/left/start.png,手臂停在舒适的起始位置。,测试侧朝向镜头，髋、肩、肘完整入镜。,,待提供,
56,shoulder_extension,肩后伸,肩部,左侧,完成动作,shoulder_extension_left_move_肩后伸_左侧_完成动作.png,rehab_codex_single_camera_v2_1/assets/exercise-guides/shoulder_extension/left/move.png,向身体后方缓慢移臂。,测试侧朝向镜头，髋、肩、肘完整入镜。,,待提供,
57,shoulder_extension,肩后伸,肩部,左侧,返回起点,shoulder_extension_left_return_肩后伸_左侧_返回起点.png,rehab_codex_single_camera_v2_1/assets/exercise-guides/shoulder_extension/left/return.png,缓慢回到起始位置。,测试侧朝向镜头，髋、肩、肘完整入镜。,,待提供,
58,shoulder_extension,肩后伸,肩部,右侧,准备姿势,shoulder_extension_right_start_肩后伸_右侧_准备姿势.png,rehab_codex_single_camera_v2_1/assets/exercise-guides/shoulder_extension/right/start.png,手臂停在舒适的起始位置。,测试侧朝向镜头，髋、肩、肘完整入镜。,,待提供,
59,shoulder_extension,肩后伸,肩部,右侧,完成动作,shoulder_extension_right_move_肩后伸_右侧_完成动作.png,rehab_codex_single_camera_v2_1/assets/exercise-guides/shoulder_extension/right/move.png,向身体后方缓慢移臂。,测试侧朝向镜头，髋、肩、肘完整入镜。,,待提供,
60,shoulder_extension,肩后伸,肩部,右侧,返回起点,shoulder_extension_right_return_肩后伸_右侧_返回起点.png,rehab_codex_single_camera_v2_1/assets/exercise-guides/shoulder_extension/right/return.png,缓慢回到起始位置。,测试侧朝向镜头，髋、肩、肘完整入镜。,,待提供,
61,hip_flexion,髋屈曲,髋部,左侧,准备姿势,hip_flexion_left_start_髋屈曲_左侧_准备姿势.png,rehab_codex_single_camera_v2_1/assets/exercise-guides/hip_flexion/left/start.png,按已确认的支撑安排保持稳定起始姿势。,测试侧朝向镜头，肩、髋、膝入镜。,,待提供,
62,hip_flexion,髋屈曲,髋部,左侧,完成动作,hip_flexion_left_move_髋屈曲_左侧_完成动作.png,rehab_codex_single_camera_v2_1/assets/exercise-guides/hip_flexion/left/move.png,向身体前方缓慢移腿。,测试侧朝向镜头，肩、髋、膝入镜。,,待提供,
63,hip_flexion,髋屈曲,髋部,左侧,返回起点,hip_flexion_left_return_髋屈曲_左侧_返回起点.png,rehab_codex_single_camera_v2_1/assets/exercise-guides/hip_flexion/left/return.png,缓慢回到起始位置。,测试侧朝向镜头，肩、髋、膝入镜。,,待提供,
64,hip_flexion,髋屈曲,髋部,右侧,准备姿势,hip_flexion_right_start_髋屈曲_右侧_准备姿势.png,rehab_codex_single_camera_v2_1/assets/exercise-guides/hip_flexion/right/start.png,按已确认的支撑安排保持稳定起始姿势。,测试侧朝向镜头，肩、髋、膝入镜。,,待提供,
65,hip_flexion,髋屈曲,髋部,右侧,完成动作,hip_flexion_right_move_髋屈曲_右侧_完成动作.png,rehab_codex_single_camera_v2_1/assets/exercise-guides/hip_flexion/right/move.png,向身体前方缓慢移腿。,测试侧朝向镜头，肩、髋、膝入镜。,,待提供,
66,hip_flexion,髋屈曲,髋部,右侧,返回起点,hip_flexion_right_return_髋屈曲_右侧_返回起点.png,rehab_codex_single_camera_v2_1/assets/exercise-guides/hip_flexion/right/return.png,缓慢回到起始位置。,测试侧朝向镜头，肩、髋、膝入镜。,,待提供,
67,hip_extension,髋后伸,髋部,左侧,准备姿势,hip_extension_left_start_髋后伸_左侧_准备姿势.png,rehab_codex_single_camera_v2_1/assets/exercise-guides/hip_extension/left/start.png,按已确认的支撑安排保持稳定起始姿势。,测试侧朝向镜头，肩、髋、膝入镜。,,待提供,
68,hip_extension,髋后伸,髋部,左侧,完成动作,hip_extension_left_move_髋后伸_左侧_完成动作.png,rehab_codex_single_camera_v2_1/assets/exercise-guides/hip_extension/left/move.png,向身体后方缓慢移腿。,测试侧朝向镜头，肩、髋、膝入镜。,,待提供,
69,hip_extension,髋后伸,髋部,左侧,返回起点,hip_extension_left_return_髋后伸_左侧_返回起点.png,rehab_codex_single_camera_v2_1/assets/exercise-guides/hip_extension/left/return.png,缓慢回到起始位置。,测试侧朝向镜头，肩、髋、膝入镜。,,待提供,
70,hip_extension,髋后伸,髋部,右侧,准备姿势,hip_extension_right_start_髋后伸_右侧_准备姿势.png,rehab_codex_single_camera_v2_1/assets/exercise-guides/hip_extension/right/start.png,按已确认的支撑安排保持稳定起始姿势。,测试侧朝向镜头，肩、髋、膝入镜。,,待提供,
71,hip_extension,髋后伸,髋部,右侧,完成动作,hip_extension_right_move_髋后伸_右侧_完成动作.png,rehab_codex_single_camera_v2_1/assets/exercise-guides/hip_extension/right/move.png,向身体后方缓慢移腿。,测试侧朝向镜头，肩、髋、膝入镜。,,待提供,
72,hip_extension,髋后伸,髋部,右侧,返回起点,hip_extension_right_return_髋后伸_右侧_返回起点.png,rehab_codex_single_camera_v2_1/assets/exercise-guides/hip_extension/right/return.png,缓慢回到起始位置。,测试侧朝向镜头，肩、髋、膝入镜。,,待提供,
73,hip_adduction,髋内收,髋部,左侧,准备姿势,hip_adduction_left_start_髋内收_左侧_准备姿势.png,rehab_codex_single_camera_v2_1/assets/exercise-guides/hip_adduction/left/start.png,按已确认的支撑安排站稳，测试腿停在舒适外展位置。,正对镜头，双髋与测试侧膝入镜。,,待提供,
74,hip_adduction,髋内收,髋部,左侧,完成动作,hip_adduction_left_move_髋内收_左侧_完成动作.png,rehab_codex_single_camera_v2_1/assets/exercise-guides/hip_adduction/left/move.png,向身体中线方向缓慢收腿。,正对镜头，双髋与测试侧膝入镜。,,待提供,
75,hip_adduction,髋内收,髋部,左侧,返回起点,hip_adduction_left_return_髋内收_左侧_返回起点.png,rehab_codex_single_camera_v2_1/assets/exercise-guides/hip_adduction/left/return.png,缓慢移回刚才记录的外展起点。,正对镜头，双髋与测试侧膝入镜。,,待提供,
76,hip_adduction,髋内收,髋部,右侧,准备姿势,hip_adduction_right_start_髋内收_右侧_准备姿势.png,rehab_codex_single_camera_v2_1/assets/exercise-guides/hip_adduction/right/start.png,按已确认的支撑安排站稳，测试腿停在舒适外展位置。,正对镜头，双髋与测试侧膝入镜。,,待提供,
77,hip_adduction,髋内收,髋部,右侧,完成动作,hip_adduction_right_move_髋内收_右侧_完成动作.png,rehab_codex_single_camera_v2_1/assets/exercise-guides/hip_adduction/right/move.png,向身体中线方向缓慢收腿。,正对镜头，双髋与测试侧膝入镜。,,待提供,
78,hip_adduction,髋内收,髋部,右侧,返回起点,hip_adduction_right_return_髋内收_右侧_返回起点.png,rehab_codex_single_camera_v2_1/assets/exercise-guides/hip_adduction/right/return.png,缓慢移回刚才记录的外展起点。,正对镜头，双髋与测试侧膝入镜。,,待提供,
79,wrist_flexion,腕屈曲,腕部,左侧,准备姿势,wrist_flexion_left_start_腕屈曲_左侧_准备姿势.png,rehab_codex_single_camera_v2_1/assets/exercise-guides/wrist_flexion/left/start.png,前臂保持稳定，手腕处于舒适起点。,肘、腕和整只测试手入镜，另一只手移出画面。 从手的侧缘拍摄。,,待提供,
80,wrist_flexion,腕屈曲,腕部,左侧,完成动作,wrist_flexion_left_move_腕屈曲_左侧_完成动作.png,rehab_codex_single_camera_v2_1/assets/exercise-guides/wrist_flexion/left/move.png,向掌侧缓慢弯腕，手指姿势尽量不变。,肘、腕和整只测试手入镜，另一只手移出画面。 从手的侧缘拍摄。,,待提供,
81,wrist_flexion,腕屈曲,腕部,左侧,返回起点,wrist_flexion_left_return_腕屈曲_左侧_返回起点.png,rehab_codex_single_camera_v2_1/assets/exercise-guides/wrist_flexion/left/return.png,缓慢回到起点，避免整条手臂一起移动。,肘、腕和整只测试手入镜，另一只手移出画面。 从手的侧缘拍摄。,,待提供,
82,wrist_flexion,腕屈曲,腕部,右侧,准备姿势,wrist_flexion_right_start_腕屈曲_右侧_准备姿势.png,rehab_codex_single_camera_v2_1/assets/exercise-guides/wrist_flexion/right/start.png,前臂保持稳定，手腕处于舒适起点。,肘、腕和整只测试手入镜，另一只手移出画面。 从手的侧缘拍摄。,,待提供,
83,wrist_flexion,腕屈曲,腕部,右侧,完成动作,wrist_flexion_right_move_腕屈曲_右侧_完成动作.png,rehab_codex_single_camera_v2_1/assets/exercise-guides/wrist_flexion/right/move.png,向掌侧缓慢弯腕，手指姿势尽量不变。,肘、腕和整只测试手入镜，另一只手移出画面。 从手的侧缘拍摄。,,待提供,
84,wrist_flexion,腕屈曲,腕部,右侧,返回起点,wrist_flexion_right_return_腕屈曲_右侧_返回起点.png,rehab_codex_single_camera_v2_1/assets/exercise-guides/wrist_flexion/right/return.png,缓慢回到起点，避免整条手臂一起移动。,肘、腕和整只测试手入镜，另一只手移出画面。 从手的侧缘拍摄。,,待提供,
85,wrist_extension,腕伸展,腕部,左侧,准备姿势,wrist_extension_left_start_腕伸展_左侧_准备姿势.png,rehab_codex_single_camera_v2_1/assets/exercise-guides/wrist_extension/left/start.png,前臂保持稳定，手腕处于舒适起点。,肘、腕和整只测试手入镜，另一只手移出画面。 从手的侧缘拍摄。,,待提供,
86,wrist_extension,腕伸展,腕部,左侧,完成动作,wrist_extension_left_move_腕伸展_左侧_完成动作.png,rehab_codex_single_camera_v2_1/assets/exercise-guides/wrist_extension/left/move.png,向手背侧缓慢弯腕，手指姿势尽量不变。,肘、腕和整只测试手入镜，另一只手移出画面。 从手的侧缘拍摄。,,待提供,
87,wrist_extension,腕伸展,腕部,左侧,返回起点,wrist_extension_left_return_腕伸展_左侧_返回起点.png,rehab_codex_single_camera_v2_1/assets/exercise-guides/wrist_extension/left/return.png,缓慢回到起点，避免整条手臂一起移动。,肘、腕和整只测试手入镜，另一只手移出画面。 从手的侧缘拍摄。,,待提供,
88,wrist_extension,腕伸展,腕部,右侧,准备姿势,wrist_extension_right_start_腕伸展_右侧_准备姿势.png,rehab_codex_single_camera_v2_1/assets/exercise-guides/wrist_extension/right/start.png,前臂保持稳定，手腕处于舒适起点。,肘、腕和整只测试手入镜，另一只手移出画面。 从手的侧缘拍摄。,,待提供,
89,wrist_extension,腕伸展,腕部,右侧,完成动作,wrist_extension_right_move_腕伸展_右侧_完成动作.png,rehab_codex_single_camera_v2_1/assets/exercise-guides/wrist_extension/right/move.png,向手背侧缓慢弯腕，手指姿势尽量不变。,肘、腕和整只测试手入镜，另一只手移出画面。 从手的侧缘拍摄。,,待提供,
90,wrist_extension,腕伸展,腕部,右侧,返回起点,wrist_extension_right_return_腕伸展_右侧_返回起点.png,rehab_codex_single_camera_v2_1/assets/exercise-guides/wrist_extension/right/return.png,缓慢回到起点，避免整条手臂一起移动。,肘、腕和整只测试手入镜，另一只手移出画面。 从手的侧缘拍摄。,,待提供,
91,wrist_radial_deviation,腕桡偏,腕部,左侧,准备姿势,wrist_radial_deviation_left_start_腕桡偏_左侧_准备姿势.png,rehab_codex_single_camera_v2_1/assets/exercise-guides/wrist_radial_deviation/left/start.png,前臂保持稳定，手腕处于舒适起点。,肘、腕和整只测试手入镜，另一只手移出画面。 手掌或手背正对镜头。,,待提供,
92,wrist_radial_deviation,腕桡偏,腕部,左侧,完成动作,wrist_radial_deviation_left_move_腕桡偏_左侧_完成动作.png,rehab_codex_single_camera_v2_1/assets/exercise-guides/wrist_radial_deviation/left/move.png,向拇指侧缓慢偏腕。,肘、腕和整只测试手入镜，另一只手移出画面。 手掌或手背正对镜头。,,待提供,
93,wrist_radial_deviation,腕桡偏,腕部,左侧,返回起点,wrist_radial_deviation_left_return_腕桡偏_左侧_返回起点.png,rehab_codex_single_camera_v2_1/assets/exercise-guides/wrist_radial_deviation/left/return.png,缓慢回到起点，手掌保持原来的朝向。,肘、腕和整只测试手入镜，另一只手移出画面。 手掌或手背正对镜头。,,待提供,
94,wrist_radial_deviation,腕桡偏,腕部,右侧,准备姿势,wrist_radial_deviation_right_start_腕桡偏_右侧_准备姿势.png,rehab_codex_single_camera_v2_1/assets/exercise-guides/wrist_radial_deviation/right/start.png,前臂保持稳定，手腕处于舒适起点。,肘、腕和整只测试手入镜，另一只手移出画面。 手掌或手背正对镜头。,,待提供,
95,wrist_radial_deviation,腕桡偏,腕部,右侧,完成动作,wrist_radial_deviation_right_move_腕桡偏_右侧_完成动作.png,rehab_codex_single_camera_v2_1/assets/exercise-guides/wrist_radial_deviation/right/move.png,向拇指侧缓慢偏腕。,肘、腕和整只测试手入镜，另一只手移出画面。 手掌或手背正对镜头。,,待提供,
96,wrist_radial_deviation,腕桡偏,腕部,右侧,返回起点,wrist_radial_deviation_right_return_腕桡偏_右侧_返回起点.png,rehab_codex_single_camera_v2_1/assets/exercise-guides/wrist_radial_deviation/right/return.png,缓慢回到起点，手掌保持原来的朝向。,肘、腕和整只测试手入镜，另一只手移出画面。 手掌或手背正对镜头。,,待提供,
97,wrist_ulnar_deviation,腕尺偏,腕部,左侧,准备姿势,wrist_ulnar_deviation_left_start_腕尺偏_左侧_准备姿势.png,rehab_codex_single_camera_v2_1/assets/exercise-guides/wrist_ulnar_deviation/left/start.png,前臂保持稳定，手腕处于舒适起点。,肘、腕和整只测试手入镜，另一只手移出画面。 手掌或手背正对镜头。,,待提供,
98,wrist_ulnar_deviation,腕尺偏,腕部,左侧,完成动作,wrist_ulnar_deviation_left_move_腕尺偏_左侧_完成动作.png,rehab_codex_single_camera_v2_1/assets/exercise-guides/wrist_ulnar_deviation/left/move.png,向小指侧缓慢偏腕。,肘、腕和整只测试手入镜，另一只手移出画面。 手掌或手背正对镜头。,,待提供,
99,wrist_ulnar_deviation,腕尺偏,腕部,左侧,返回起点,wrist_ulnar_deviation_left_return_腕尺偏_左侧_返回起点.png,rehab_codex_single_camera_v2_1/assets/exercise-guides/wrist_ulnar_deviation/left/return.png,缓慢回到起点，手掌保持原来的朝向。,肘、腕和整只测试手入镜，另一只手移出画面。 手掌或手背正对镜头。,,待提供,
100,wrist_ulnar_deviation,腕尺偏,腕部,右侧,准备姿势,wrist_ulnar_deviation_right_start_腕尺偏_右侧_准备姿势.png,rehab_codex_single_camera_v2_1/assets/exercise-guides/wrist_ulnar_deviation/right/start.png,前臂保持稳定，手腕处于舒适起点。,肘、腕和整只测试手入镜，另一只手移出画面。 手掌或手背正对镜头。,,待提供,
101,wrist_ulnar_deviation,腕尺偏,腕部,右侧,完成动作,wrist_ulnar_deviation_right_move_腕尺偏_右侧_完成动作.png,rehab_codex_single_camera_v2_1/assets/exercise-guides/wrist_ulnar_deviation/right/move.png,向小指侧缓慢偏腕。,肘、腕和整只测试手入镜，另一只手移出画面。 手掌或手背正对镜头。,,待提供,
102,wrist_ulnar_deviation,腕尺偏,腕部,右侧,返回起点,wrist_ulnar_deviation_right_return_腕尺偏_右侧_返回起点.png,rehab_codex_single_camera_v2_1/assets/exercise-guides/wrist_ulnar_deviation/right/return.png,缓慢回到起点，手掌保持原来的朝向。,肘、腕和整只测试手入镜，另一只手移出画面。 手掌或手背正对镜头。,,待提供,
103,ankle_dorsiflexion,踝背屈,踝部,左侧,准备姿势,ankle_dorsiflexion_left_start_踝背屈_左侧_准备姿势.png,rehab_codex_single_camera_v2_1/assets/exercise-guides/ankle_dorsiflexion/left/start.png,坐稳，让测试脚处于舒适起点。,从测试侧拍摄，小腿、踝、足跟和足尖完整入镜。,,待提供,
104,ankle_dorsiflexion,踝背屈,踝部,左侧,完成动作,ankle_dorsiflexion_left_move_踝背屈_左侧_完成动作.png,rehab_codex_single_camera_v2_1/assets/exercise-guides/ankle_dorsiflexion/left/move.png,向小腿方向缓慢抬脚尖。,从测试侧拍摄，小腿、踝、足跟和足尖完整入镜。,,待提供,
105,ankle_dorsiflexion,踝背屈,踝部,左侧,返回起点,ankle_dorsiflexion_left_return_踝背屈_左侧_返回起点.png,rehab_codex_single_camera_v2_1/assets/exercise-guides/ankle_dorsiflexion/left/return.png,缓慢放回起点，不以抬腿代替踝部活动。,从测试侧拍摄，小腿、踝、足跟和足尖完整入镜。,,待提供,
106,ankle_dorsiflexion,踝背屈,踝部,右侧,准备姿势,ankle_dorsiflexion_right_start_踝背屈_右侧_准备姿势.png,rehab_codex_single_camera_v2_1/assets/exercise-guides/ankle_dorsiflexion/right/start.png,坐稳，让测试脚处于舒适起点。,从测试侧拍摄，小腿、踝、足跟和足尖完整入镜。,,待提供,
107,ankle_dorsiflexion,踝背屈,踝部,右侧,完成动作,ankle_dorsiflexion_right_move_踝背屈_右侧_完成动作.png,rehab_codex_single_camera_v2_1/assets/exercise-guides/ankle_dorsiflexion/right/move.png,向小腿方向缓慢抬脚尖。,从测试侧拍摄，小腿、踝、足跟和足尖完整入镜。,,待提供,
108,ankle_dorsiflexion,踝背屈,踝部,右侧,返回起点,ankle_dorsiflexion_right_return_踝背屈_右侧_返回起点.png,rehab_codex_single_camera_v2_1/assets/exercise-guides/ankle_dorsiflexion/right/return.png,缓慢放回起点，不以抬腿代替踝部活动。,从测试侧拍摄，小腿、踝、足跟和足尖完整入镜。,,待提供,
109,ankle_plantarflexion,踝跖屈,踝部,左侧,准备姿势,ankle_plantarflexion_left_start_踝跖屈_左侧_准备姿势.png,rehab_codex_single_camera_v2_1/assets/exercise-guides/ankle_plantarflexion/left/start.png,坐稳，让测试脚处于舒适起点。,从测试侧拍摄，小腿、踝、足跟和足尖完整入镜。,,待提供,
110,ankle_plantarflexion,踝跖屈,踝部,左侧,完成动作,ankle_plantarflexion_left_move_踝跖屈_左侧_完成动作.png,rehab_codex_single_camera_v2_1/assets/exercise-guides/ankle_plantarflexion/left/move.png,向远离小腿的方向缓慢下压脚尖。,从测试侧拍摄，小腿、踝、足跟和足尖完整入镜。,,待提供,
111,ankle_plantarflexion,踝跖屈,踝部,左侧,返回起点,ankle_plantarflexion_left_return_踝跖屈_左侧_返回起点.png,rehab_codex_single_camera_v2_1/assets/exercise-guides/ankle_plantarflexion/left/return.png,缓慢回到起点，不以踮脚站立代替。,从测试侧拍摄，小腿、踝、足跟和足尖完整入镜。,,待提供,
112,ankle_plantarflexion,踝跖屈,踝部,右侧,准备姿势,ankle_plantarflexion_right_start_踝跖屈_右侧_准备姿势.png,rehab_codex_single_camera_v2_1/assets/exercise-guides/ankle_plantarflexion/right/start.png,坐稳，让测试脚处于舒适起点。,从测试侧拍摄，小腿、踝、足跟和足尖完整入镜。,,待提供,
113,ankle_plantarflexion,踝跖屈,踝部,右侧,完成动作,ankle_plantarflexion_right_move_踝跖屈_右侧_完成动作.png,rehab_codex_single_camera_v2_1/assets/exercise-guides/ankle_plantarflexion/right/move.png,向远离小腿的方向缓慢下压脚尖。,从测试侧拍摄，小腿、踝、足跟和足尖完整入镜。,,待提供,
114,ankle_plantarflexion,踝跖屈,踝部,右侧,返回起点,ankle_plantarflexion_right_return_踝跖屈_右侧_返回起点.png,rehab_codex_single_camera_v2_1/assets/exercise-guides/ankle_plantarflexion/right/return.png,缓慢回到起点，不以踮脚站立代替。,从测试侧拍摄，小腿、踝、足跟和足尖完整入镜。,,待提供,
115,thumb_mcp_flexion,拇指掌指关节屈伸,手指,左侧,准备姿势,thumb_mcp_flexion_left_start_拇指掌指关节屈伸_左侧_准备姿势.png,rehab_codex_single_camera_v2_1/assets/exercise-guides/thumb_mcp_flexion/left/start.png,拇指保持舒适伸展，不要强行掰直。,单只手近景；从所测手指侧面拍摄，让各关节展开在画面内。,,待提供,
116,thumb_mcp_flexion,拇指掌指关节屈伸,手指,左侧,完成动作,thumb_mcp_flexion_left_move_拇指掌指关节屈伸_左侧_完成动作.png,rehab_codex_single_camera_v2_1/assets/exercise-guides/thumb_mcp_flexion/left/move.png,缓慢弯曲拇指指根的掌指关节，保持该关节两侧指段可见。,单只手近景；从所测手指侧面拍摄，让各关节展开在画面内。,,待提供,
117,thumb_mcp_flexion,拇指掌指关节屈伸,手指,左侧,返回起点,thumb_mcp_flexion_left_return_拇指掌指关节屈伸_左侧_返回起点.png,rehab_codex_single_camera_v2_1/assets/exercise-guides/thumb_mcp_flexion/left/return.png,缓慢伸回起始姿势，不要求所有手指同时握拳。,单只手近景；从所测手指侧面拍摄，让各关节展开在画面内。,,待提供,
118,thumb_mcp_flexion,拇指掌指关节屈伸,手指,右侧,准备姿势,thumb_mcp_flexion_right_start_拇指掌指关节屈伸_右侧_准备姿势.png,rehab_codex_single_camera_v2_1/assets/exercise-guides/thumb_mcp_flexion/right/start.png,拇指保持舒适伸展，不要强行掰直。,单只手近景；从所测手指侧面拍摄，让各关节展开在画面内。,,待提供,
119,thumb_mcp_flexion,拇指掌指关节屈伸,手指,右侧,完成动作,thumb_mcp_flexion_right_move_拇指掌指关节屈伸_右侧_完成动作.png,rehab_codex_single_camera_v2_1/assets/exercise-guides/thumb_mcp_flexion/right/move.png,缓慢弯曲拇指指根的掌指关节，保持该关节两侧指段可见。,单只手近景；从所测手指侧面拍摄，让各关节展开在画面内。,,待提供,
120,thumb_mcp_flexion,拇指掌指关节屈伸,手指,右侧,返回起点,thumb_mcp_flexion_right_return_拇指掌指关节屈伸_右侧_返回起点.png,rehab_codex_single_camera_v2_1/assets/exercise-guides/thumb_mcp_flexion/right/return.png,缓慢伸回起始姿势，不要求所有手指同时握拳。,单只手近景；从所测手指侧面拍摄，让各关节展开在画面内。,,待提供,
121,thumb_mcp_extension,拇指掌指关节伸展,手指,左侧,准备姿势,thumb_mcp_extension_left_start_拇指掌指关节伸展_左侧_准备姿势.png,rehab_codex_single_camera_v2_1/assets/exercise-guides/thumb_mcp_extension/left/start.png,拇指保持舒适屈曲姿势，记录起点。,单只手近景；从所测手指侧面拍摄，让各关节展开在画面内。,,待提供,
122,thumb_mcp_extension,拇指掌指关节伸展,手指,左侧,完成动作,thumb_mcp_extension_left_move_拇指掌指关节伸展_左侧_完成动作.png,rehab_codex_single_camera_v2_1/assets/exercise-guides/thumb_mcp_extension/left/move.png,缓慢伸展拇指指根的掌指关节，不强行掰直。,单只手近景；从所测手指侧面拍摄，让各关节展开在画面内。,,待提供,
123,thumb_mcp_extension,拇指掌指关节伸展,手指,左侧,返回起点,thumb_mcp_extension_left_return_拇指掌指关节伸展_左侧_返回起点.png,rehab_codex_single_camera_v2_1/assets/exercise-guides/thumb_mcp_extension/left/return.png,缓慢屈回刚才记录的起点，其他手指不要遮挡。,单只手近景；从所测手指侧面拍摄，让各关节展开在画面内。,,待提供,
124,thumb_mcp_extension,拇指掌指关节伸展,手指,右侧,准备姿势,thumb_mcp_extension_right_start_拇指掌指关节伸展_右侧_准备姿势.png,rehab_codex_single_camera_v2_1/assets/exercise-guides/thumb_mcp_extension/right/start.png,拇指保持舒适屈曲姿势，记录起点。,单只手近景；从所测手指侧面拍摄，让各关节展开在画面内。,,待提供,
125,thumb_mcp_extension,拇指掌指关节伸展,手指,右侧,完成动作,thumb_mcp_extension_right_move_拇指掌指关节伸展_右侧_完成动作.png,rehab_codex_single_camera_v2_1/assets/exercise-guides/thumb_mcp_extension/right/move.png,缓慢伸展拇指指根的掌指关节，不强行掰直。,单只手近景；从所测手指侧面拍摄，让各关节展开在画面内。,,待提供,
126,thumb_mcp_extension,拇指掌指关节伸展,手指,右侧,返回起点,thumb_mcp_extension_right_return_拇指掌指关节伸展_右侧_返回起点.png,rehab_codex_single_camera_v2_1/assets/exercise-guides/thumb_mcp_extension/right/return.png,缓慢屈回刚才记录的起点，其他手指不要遮挡。,单只手近景；从所测手指侧面拍摄，让各关节展开在画面内。,,待提供,
127,thumb_ip_flexion,拇指指间关节屈伸,手指,左侧,准备姿势,thumb_ip_flexion_left_start_拇指指间关节屈伸_左侧_准备姿势.png,rehab_codex_single_camera_v2_1/assets/exercise-guides/thumb_ip_flexion/left/start.png,拇指保持舒适伸展，不要强行掰直。,单只手近景；从所测手指侧面拍摄，让各关节展开在画面内。,,待提供,
128,thumb_ip_flexion,拇指指间关节屈伸,手指,左侧,完成动作,thumb_ip_flexion_left_move_拇指指间关节屈伸_左侧_完成动作.png,rehab_codex_single_camera_v2_1/assets/exercise-guides/thumb_ip_flexion/left/move.png,缓慢弯曲拇指拇指的指间关节，保持该关节两侧指段可见。,单只手近景；从所测手指侧面拍摄，让各关节展开在画面内。,,待提供,
129,thumb_ip_flexion,拇指指间关节屈伸,手指,左侧,返回起点,thumb_ip_flexion_left_return_拇指指间关节屈伸_左侧_返回起点.png,rehab_codex_single_camera_v2_1/assets/exercise-guides/thumb_ip_flexion/left/return.png,缓慢伸回起始姿势，不要求所有手指同时握拳。,单只手近景；从所测手指侧面拍摄，让各关节展开在画面内。,,待提供,
130,thumb_ip_flexion,拇指指间关节屈伸,手指,右侧,准备姿势,thumb_ip_flexion_right_start_拇指指间关节屈伸_右侧_准备姿势.png,rehab_codex_single_camera_v2_1/assets/exercise-guides/thumb_ip_flexion/right/start.png,拇指保持舒适伸展，不要强行掰直。,单只手近景；从所测手指侧面拍摄，让各关节展开在画面内。,,待提供,
131,thumb_ip_flexion,拇指指间关节屈伸,手指,右侧,完成动作,thumb_ip_flexion_right_move_拇指指间关节屈伸_右侧_完成动作.png,rehab_codex_single_camera_v2_1/assets/exercise-guides/thumb_ip_flexion/right/move.png,缓慢弯曲拇指拇指的指间关节，保持该关节两侧指段可见。,单只手近景；从所测手指侧面拍摄，让各关节展开在画面内。,,待提供,
132,thumb_ip_flexion,拇指指间关节屈伸,手指,右侧,返回起点,thumb_ip_flexion_right_return_拇指指间关节屈伸_右侧_返回起点.png,rehab_codex_single_camera_v2_1/assets/exercise-guides/thumb_ip_flexion/right/return.png,缓慢伸回起始姿势，不要求所有手指同时握拳。,单只手近景；从所测手指侧面拍摄，让各关节展开在画面内。,,待提供,
133,thumb_ip_extension,拇指指间关节伸展,手指,左侧,准备姿势,thumb_ip_extension_left_start_拇指指间关节伸展_左侧_准备姿势.png,rehab_codex_single_camera_v2_1/assets/exercise-guides/thumb_ip_extension/left/start.png,拇指保持舒适屈曲姿势，记录起点。,单只手近景；从所测手指侧面拍摄，让各关节展开在画面内。,,待提供,
134,thumb_ip_extension,拇指指间关节伸展,手指,左侧,完成动作,thumb_ip_extension_left_move_拇指指间关节伸展_左侧_完成动作.png,rehab_codex_single_camera_v2_1/assets/exercise-guides/thumb_ip_extension/left/move.png,缓慢伸展拇指拇指的指间关节，不强行掰直。,单只手近景；从所测手指侧面拍摄，让各关节展开在画面内。,,待提供,
135,thumb_ip_extension,拇指指间关节伸展,手指,左侧,返回起点,thumb_ip_extension_left_return_拇指指间关节伸展_左侧_返回起点.png,rehab_codex_single_camera_v2_1/assets/exercise-guides/thumb_ip_extension/left/return.png,缓慢屈回刚才记录的起点，其他手指不要遮挡。,单只手近景；从所测手指侧面拍摄，让各关节展开在画面内。,,待提供,
136,thumb_ip_extension,拇指指间关节伸展,手指,右侧,准备姿势,thumb_ip_extension_right_start_拇指指间关节伸展_右侧_准备姿势.png,rehab_codex_single_camera_v2_1/assets/exercise-guides/thumb_ip_extension/right/start.png,拇指保持舒适屈曲姿势，记录起点。,单只手近景；从所测手指侧面拍摄，让各关节展开在画面内。,,待提供,
137,thumb_ip_extension,拇指指间关节伸展,手指,右侧,完成动作,thumb_ip_extension_right_move_拇指指间关节伸展_右侧_完成动作.png,rehab_codex_single_camera_v2_1/assets/exercise-guides/thumb_ip_extension/right/move.png,缓慢伸展拇指拇指的指间关节，不强行掰直。,单只手近景；从所测手指侧面拍摄，让各关节展开在画面内。,,待提供,
138,thumb_ip_extension,拇指指间关节伸展,手指,右侧,返回起点,thumb_ip_extension_right_return_拇指指间关节伸展_右侧_返回起点.png,rehab_codex_single_camera_v2_1/assets/exercise-guides/thumb_ip_extension/right/return.png,缓慢屈回刚才记录的起点，其他手指不要遮挡。,单只手近景；从所测手指侧面拍摄，让各关节展开在画面内。,,待提供,
139,index_mcp_flexion,食指掌指关节屈伸,手指,左侧,准备姿势,index_mcp_flexion_left_start_食指掌指关节屈伸_左侧_准备姿势.png,rehab_codex_single_camera_v2_1/assets/exercise-guides/index_mcp_flexion/left/start.png,食指保持舒适伸展，不要强行掰直。,单只手近景；从所测手指侧面拍摄，让各关节展开在画面内。,,待提供,
140,index_mcp_flexion,食指掌指关节屈伸,手指,左侧,完成动作,index_mcp_flexion_left_move_食指掌指关节屈伸_左侧_完成动作.png,rehab_codex_single_camera_v2_1/assets/exercise-guides/index_mcp_flexion/left/move.png,缓慢弯曲食指指根的掌指关节，保持该关节两侧指段可见。,单只手近景；从所测手指侧面拍摄，让各关节展开在画面内。,,待提供,
141,index_mcp_flexion,食指掌指关节屈伸,手指,左侧,返回起点,index_mcp_flexion_left_return_食指掌指关节屈伸_左侧_返回起点.png,rehab_codex_single_camera_v2_1/assets/exercise-guides/index_mcp_flexion/left/return.png,缓慢伸回起始姿势，不要求所有手指同时握拳。,单只手近景；从所测手指侧面拍摄，让各关节展开在画面内。,,待提供,
142,index_mcp_flexion,食指掌指关节屈伸,手指,右侧,准备姿势,index_mcp_flexion_right_start_食指掌指关节屈伸_右侧_准备姿势.png,rehab_codex_single_camera_v2_1/assets/exercise-guides/index_mcp_flexion/right/start.png,食指保持舒适伸展，不要强行掰直。,单只手近景；从所测手指侧面拍摄，让各关节展开在画面内。,,待提供,
143,index_mcp_flexion,食指掌指关节屈伸,手指,右侧,完成动作,index_mcp_flexion_right_move_食指掌指关节屈伸_右侧_完成动作.png,rehab_codex_single_camera_v2_1/assets/exercise-guides/index_mcp_flexion/right/move.png,缓慢弯曲食指指根的掌指关节，保持该关节两侧指段可见。,单只手近景；从所测手指侧面拍摄，让各关节展开在画面内。,,待提供,
144,index_mcp_flexion,食指掌指关节屈伸,手指,右侧,返回起点,index_mcp_flexion_right_return_食指掌指关节屈伸_右侧_返回起点.png,rehab_codex_single_camera_v2_1/assets/exercise-guides/index_mcp_flexion/right/return.png,缓慢伸回起始姿势，不要求所有手指同时握拳。,单只手近景；从所测手指侧面拍摄，让各关节展开在画面内。,,待提供,
145,index_mcp_extension,食指掌指关节伸展,手指,左侧,准备姿势,index_mcp_extension_left_start_食指掌指关节伸展_左侧_准备姿势.png,rehab_codex_single_camera_v2_1/assets/exercise-guides/index_mcp_extension/left/start.png,食指保持舒适屈曲姿势，记录起点。,单只手近景；从所测手指侧面拍摄，让各关节展开在画面内。,,待提供,
146,index_mcp_extension,食指掌指关节伸展,手指,左侧,完成动作,index_mcp_extension_left_move_食指掌指关节伸展_左侧_完成动作.png,rehab_codex_single_camera_v2_1/assets/exercise-guides/index_mcp_extension/left/move.png,缓慢伸展食指指根的掌指关节，不强行掰直。,单只手近景；从所测手指侧面拍摄，让各关节展开在画面内。,,待提供,
147,index_mcp_extension,食指掌指关节伸展,手指,左侧,返回起点,index_mcp_extension_left_return_食指掌指关节伸展_左侧_返回起点.png,rehab_codex_single_camera_v2_1/assets/exercise-guides/index_mcp_extension/left/return.png,缓慢屈回刚才记录的起点，其他手指不要遮挡。,单只手近景；从所测手指侧面拍摄，让各关节展开在画面内。,,待提供,
148,index_mcp_extension,食指掌指关节伸展,手指,右侧,准备姿势,index_mcp_extension_right_start_食指掌指关节伸展_右侧_准备姿势.png,rehab_codex_single_camera_v2_1/assets/exercise-guides/index_mcp_extension/right/start.png,食指保持舒适屈曲姿势，记录起点。,单只手近景；从所测手指侧面拍摄，让各关节展开在画面内。,,待提供,
149,index_mcp_extension,食指掌指关节伸展,手指,右侧,完成动作,index_mcp_extension_right_move_食指掌指关节伸展_右侧_完成动作.png,rehab_codex_single_camera_v2_1/assets/exercise-guides/index_mcp_extension/right/move.png,缓慢伸展食指指根的掌指关节，不强行掰直。,单只手近景；从所测手指侧面拍摄，让各关节展开在画面内。,,待提供,
150,index_mcp_extension,食指掌指关节伸展,手指,右侧,返回起点,index_mcp_extension_right_return_食指掌指关节伸展_右侧_返回起点.png,rehab_codex_single_camera_v2_1/assets/exercise-guides/index_mcp_extension/right/return.png,缓慢屈回刚才记录的起点，其他手指不要遮挡。,单只手近景；从所测手指侧面拍摄，让各关节展开在画面内。,,待提供,
151,index_pip_flexion,食指近端指间关节屈伸,手指,左侧,准备姿势,index_pip_flexion_left_start_食指近端指间关节屈伸_左侧_准备姿势.png,rehab_codex_single_camera_v2_1/assets/exercise-guides/index_pip_flexion/left/start.png,食指保持舒适伸展，不要强行掰直。,单只手近景；从所测手指侧面拍摄，让各关节展开在画面内。,,待提供,
152,index_pip_flexion,食指近端指间关节屈伸,手指,左侧,完成动作,index_pip_flexion_left_move_食指近端指间关节屈伸_左侧_完成动作.png,rehab_codex_single_camera_v2_1/assets/exercise-guides/index_pip_flexion/left/move.png,缓慢弯曲食指中间的近端指间关节，保持该关节两侧指段可见。,单只手近景；从所测手指侧面拍摄，让各关节展开在画面内。,,待提供,
153,index_pip_flexion,食指近端指间关节屈伸,手指,左侧,返回起点,index_pip_flexion_left_return_食指近端指间关节屈伸_左侧_返回起点.png,rehab_codex_single_camera_v2_1/assets/exercise-guides/index_pip_flexion/left/return.png,缓慢伸回起始姿势，不要求所有手指同时握拳。,单只手近景；从所测手指侧面拍摄，让各关节展开在画面内。,,待提供,
154,index_pip_flexion,食指近端指间关节屈伸,手指,右侧,准备姿势,index_pip_flexion_right_start_食指近端指间关节屈伸_右侧_准备姿势.png,rehab_codex_single_camera_v2_1/assets/exercise-guides/index_pip_flexion/right/start.png,食指保持舒适伸展，不要强行掰直。,单只手近景；从所测手指侧面拍摄，让各关节展开在画面内。,,待提供,
155,index_pip_flexion,食指近端指间关节屈伸,手指,右侧,完成动作,index_pip_flexion_right_move_食指近端指间关节屈伸_右侧_完成动作.png,rehab_codex_single_camera_v2_1/assets/exercise-guides/index_pip_flexion/right/move.png,缓慢弯曲食指中间的近端指间关节，保持该关节两侧指段可见。,单只手近景；从所测手指侧面拍摄，让各关节展开在画面内。,,待提供,
156,index_pip_flexion,食指近端指间关节屈伸,手指,右侧,返回起点,index_pip_flexion_right_return_食指近端指间关节屈伸_右侧_返回起点.png,rehab_codex_single_camera_v2_1/assets/exercise-guides/index_pip_flexion/right/return.png,缓慢伸回起始姿势，不要求所有手指同时握拳。,单只手近景；从所测手指侧面拍摄，让各关节展开在画面内。,,待提供,
157,index_pip_extension,食指近端指间关节伸展,手指,左侧,准备姿势,index_pip_extension_left_start_食指近端指间关节伸展_左侧_准备姿势.png,rehab_codex_single_camera_v2_1/assets/exercise-guides/index_pip_extension/left/start.png,食指保持舒适屈曲姿势，记录起点。,单只手近景；从所测手指侧面拍摄，让各关节展开在画面内。,,待提供,
158,index_pip_extension,食指近端指间关节伸展,手指,左侧,完成动作,index_pip_extension_left_move_食指近端指间关节伸展_左侧_完成动作.png,rehab_codex_single_camera_v2_1/assets/exercise-guides/index_pip_extension/left/move.png,缓慢伸展食指中间的近端指间关节，不强行掰直。,单只手近景；从所测手指侧面拍摄，让各关节展开在画面内。,,待提供,
159,index_pip_extension,食指近端指间关节伸展,手指,左侧,返回起点,index_pip_extension_left_return_食指近端指间关节伸展_左侧_返回起点.png,rehab_codex_single_camera_v2_1/assets/exercise-guides/index_pip_extension/left/return.png,缓慢屈回刚才记录的起点，其他手指不要遮挡。,单只手近景；从所测手指侧面拍摄，让各关节展开在画面内。,,待提供,
160,index_pip_extension,食指近端指间关节伸展,手指,右侧,准备姿势,index_pip_extension_right_start_食指近端指间关节伸展_右侧_准备姿势.png,rehab_codex_single_camera_v2_1/assets/exercise-guides/index_pip_extension/right/start.png,食指保持舒适屈曲姿势，记录起点。,单只手近景；从所测手指侧面拍摄，让各关节展开在画面内。,,待提供,
161,index_pip_extension,食指近端指间关节伸展,手指,右侧,完成动作,index_pip_extension_right_move_食指近端指间关节伸展_右侧_完成动作.png,rehab_codex_single_camera_v2_1/assets/exercise-guides/index_pip_extension/right/move.png,缓慢伸展食指中间的近端指间关节，不强行掰直。,单只手近景；从所测手指侧面拍摄，让各关节展开在画面内。,,待提供,
162,index_pip_extension,食指近端指间关节伸展,手指,右侧,返回起点,index_pip_extension_right_return_食指近端指间关节伸展_右侧_返回起点.png,rehab_codex_single_camera_v2_1/assets/exercise-guides/index_pip_extension/right/return.png,缓慢屈回刚才记录的起点，其他手指不要遮挡。,单只手近景；从所测手指侧面拍摄，让各关节展开在画面内。,,待提供,
163,index_dip_flexion,食指远端指间关节屈伸,手指,左侧,准备姿势,index_dip_flexion_left_start_食指远端指间关节屈伸_左侧_准备姿势.png,rehab_codex_single_camera_v2_1/assets/exercise-guides/index_dip_flexion/left/start.png,食指保持舒适伸展，不要强行掰直。,单只手近景；从所测手指侧面拍摄，让各关节展开在画面内。,,待提供,
164,index_dip_flexion,食指远端指间关节屈伸,手指,左侧,完成动作,index_dip_flexion_left_move_食指远端指间关节屈伸_左侧_完成动作.png,rehab_codex_single_camera_v2_1/assets/exercise-guides/index_dip_flexion/left/move.png,缓慢弯曲食指靠近指尖的远端指间关节，保持该关节两侧指段可见。,单只手近景；从所测手指侧面拍摄，让各关节展开在画面内。,,待提供,
165,index_dip_flexion,食指远端指间关节屈伸,手指,左侧,返回起点,index_dip_flexion_left_return_食指远端指间关节屈伸_左侧_返回起点.png,rehab_codex_single_camera_v2_1/assets/exercise-guides/index_dip_flexion/left/return.png,缓慢伸回起始姿势，不要求所有手指同时握拳。,单只手近景；从所测手指侧面拍摄，让各关节展开在画面内。,,待提供,
166,index_dip_flexion,食指远端指间关节屈伸,手指,右侧,准备姿势,index_dip_flexion_right_start_食指远端指间关节屈伸_右侧_准备姿势.png,rehab_codex_single_camera_v2_1/assets/exercise-guides/index_dip_flexion/right/start.png,食指保持舒适伸展，不要强行掰直。,单只手近景；从所测手指侧面拍摄，让各关节展开在画面内。,,待提供,
167,index_dip_flexion,食指远端指间关节屈伸,手指,右侧,完成动作,index_dip_flexion_right_move_食指远端指间关节屈伸_右侧_完成动作.png,rehab_codex_single_camera_v2_1/assets/exercise-guides/index_dip_flexion/right/move.png,缓慢弯曲食指靠近指尖的远端指间关节，保持该关节两侧指段可见。,单只手近景；从所测手指侧面拍摄，让各关节展开在画面内。,,待提供,
168,index_dip_flexion,食指远端指间关节屈伸,手指,右侧,返回起点,index_dip_flexion_right_return_食指远端指间关节屈伸_右侧_返回起点.png,rehab_codex_single_camera_v2_1/assets/exercise-guides/index_dip_flexion/right/return.png,缓慢伸回起始姿势，不要求所有手指同时握拳。,单只手近景；从所测手指侧面拍摄，让各关节展开在画面内。,,待提供,
169,index_dip_extension,食指远端指间关节伸展,手指,左侧,准备姿势,index_dip_extension_left_start_食指远端指间关节伸展_左侧_准备姿势.png,rehab_codex_single_camera_v2_1/assets/exercise-guides/index_dip_extension/left/start.png,食指保持舒适屈曲姿势，记录起点。,单只手近景；从所测手指侧面拍摄，让各关节展开在画面内。,,待提供,
170,index_dip_extension,食指远端指间关节伸展,手指,左侧,完成动作,index_dip_extension_left_move_食指远端指间关节伸展_左侧_完成动作.png,rehab_codex_single_camera_v2_1/assets/exercise-guides/index_dip_extension/left/move.png,缓慢伸展食指靠近指尖的远端指间关节，不强行掰直。,单只手近景；从所测手指侧面拍摄，让各关节展开在画面内。,,待提供,
171,index_dip_extension,食指远端指间关节伸展,手指,左侧,返回起点,index_dip_extension_left_return_食指远端指间关节伸展_左侧_返回起点.png,rehab_codex_single_camera_v2_1/assets/exercise-guides/index_dip_extension/left/return.png,缓慢屈回刚才记录的起点，其他手指不要遮挡。,单只手近景；从所测手指侧面拍摄，让各关节展开在画面内。,,待提供,
172,index_dip_extension,食指远端指间关节伸展,手指,右侧,准备姿势,index_dip_extension_right_start_食指远端指间关节伸展_右侧_准备姿势.png,rehab_codex_single_camera_v2_1/assets/exercise-guides/index_dip_extension/right/start.png,食指保持舒适屈曲姿势，记录起点。,单只手近景；从所测手指侧面拍摄，让各关节展开在画面内。,,待提供,
173,index_dip_extension,食指远端指间关节伸展,手指,右侧,完成动作,index_dip_extension_right_move_食指远端指间关节伸展_右侧_完成动作.png,rehab_codex_single_camera_v2_1/assets/exercise-guides/index_dip_extension/right/move.png,缓慢伸展食指靠近指尖的远端指间关节，不强行掰直。,单只手近景；从所测手指侧面拍摄，让各关节展开在画面内。,,待提供,
174,index_dip_extension,食指远端指间关节伸展,手指,右侧,返回起点,index_dip_extension_right_return_食指远端指间关节伸展_右侧_返回起点.png,rehab_codex_single_camera_v2_1/assets/exercise-guides/index_dip_extension/right/return.png,缓慢屈回刚才记录的起点，其他手指不要遮挡。,单只手近景；从所测手指侧面拍摄，让各关节展开在画面内。,,待提供,
175,middle_mcp_flexion,中指掌指关节屈伸,手指,左侧,准备姿势,middle_mcp_flexion_left_start_中指掌指关节屈伸_左侧_准备姿势.png,rehab_codex_single_camera_v2_1/assets/exercise-guides/middle_mcp_flexion/left/start.png,中指保持舒适伸展，不要强行掰直。,单只手近景；从所测手指侧面拍摄，让各关节展开在画面内。,,待提供,
176,middle_mcp_flexion,中指掌指关节屈伸,手指,左侧,完成动作,middle_mcp_flexion_left_move_中指掌指关节屈伸_左侧_完成动作.png,rehab_codex_single_camera_v2_1/assets/exercise-guides/middle_mcp_flexion/left/move.png,缓慢弯曲中指指根的掌指关节，保持该关节两侧指段可见。,单只手近景；从所测手指侧面拍摄，让各关节展开在画面内。,,待提供,
177,middle_mcp_flexion,中指掌指关节屈伸,手指,左侧,返回起点,middle_mcp_flexion_left_return_中指掌指关节屈伸_左侧_返回起点.png,rehab_codex_single_camera_v2_1/assets/exercise-guides/middle_mcp_flexion/left/return.png,缓慢伸回起始姿势，不要求所有手指同时握拳。,单只手近景；从所测手指侧面拍摄，让各关节展开在画面内。,,待提供,
178,middle_mcp_flexion,中指掌指关节屈伸,手指,右侧,准备姿势,middle_mcp_flexion_right_start_中指掌指关节屈伸_右侧_准备姿势.png,rehab_codex_single_camera_v2_1/assets/exercise-guides/middle_mcp_flexion/right/start.png,中指保持舒适伸展，不要强行掰直。,单只手近景；从所测手指侧面拍摄，让各关节展开在画面内。,,待提供,
179,middle_mcp_flexion,中指掌指关节屈伸,手指,右侧,完成动作,middle_mcp_flexion_right_move_中指掌指关节屈伸_右侧_完成动作.png,rehab_codex_single_camera_v2_1/assets/exercise-guides/middle_mcp_flexion/right/move.png,缓慢弯曲中指指根的掌指关节，保持该关节两侧指段可见。,单只手近景；从所测手指侧面拍摄，让各关节展开在画面内。,,待提供,
180,middle_mcp_flexion,中指掌指关节屈伸,手指,右侧,返回起点,middle_mcp_flexion_right_return_中指掌指关节屈伸_右侧_返回起点.png,rehab_codex_single_camera_v2_1/assets/exercise-guides/middle_mcp_flexion/right/return.png,缓慢伸回起始姿势，不要求所有手指同时握拳。,单只手近景；从所测手指侧面拍摄，让各关节展开在画面内。,,待提供,
181,middle_mcp_extension,中指掌指关节伸展,手指,左侧,准备姿势,middle_mcp_extension_left_start_中指掌指关节伸展_左侧_准备姿势.png,rehab_codex_single_camera_v2_1/assets/exercise-guides/middle_mcp_extension/left/start.png,中指保持舒适屈曲姿势，记录起点。,单只手近景；从所测手指侧面拍摄，让各关节展开在画面内。,,待提供,
182,middle_mcp_extension,中指掌指关节伸展,手指,左侧,完成动作,middle_mcp_extension_left_move_中指掌指关节伸展_左侧_完成动作.png,rehab_codex_single_camera_v2_1/assets/exercise-guides/middle_mcp_extension/left/move.png,缓慢伸展中指指根的掌指关节，不强行掰直。,单只手近景；从所测手指侧面拍摄，让各关节展开在画面内。,,待提供,
183,middle_mcp_extension,中指掌指关节伸展,手指,左侧,返回起点,middle_mcp_extension_left_return_中指掌指关节伸展_左侧_返回起点.png,rehab_codex_single_camera_v2_1/assets/exercise-guides/middle_mcp_extension/left/return.png,缓慢屈回刚才记录的起点，其他手指不要遮挡。,单只手近景；从所测手指侧面拍摄，让各关节展开在画面内。,,待提供,
184,middle_mcp_extension,中指掌指关节伸展,手指,右侧,准备姿势,middle_mcp_extension_right_start_中指掌指关节伸展_右侧_准备姿势.png,rehab_codex_single_camera_v2_1/assets/exercise-guides/middle_mcp_extension/right/start.png,中指保持舒适屈曲姿势，记录起点。,单只手近景；从所测手指侧面拍摄，让各关节展开在画面内。,,待提供,
185,middle_mcp_extension,中指掌指关节伸展,手指,右侧,完成动作,middle_mcp_extension_right_move_中指掌指关节伸展_右侧_完成动作.png,rehab_codex_single_camera_v2_1/assets/exercise-guides/middle_mcp_extension/right/move.png,缓慢伸展中指指根的掌指关节，不强行掰直。,单只手近景；从所测手指侧面拍摄，让各关节展开在画面内。,,待提供,
186,middle_mcp_extension,中指掌指关节伸展,手指,右侧,返回起点,middle_mcp_extension_right_return_中指掌指关节伸展_右侧_返回起点.png,rehab_codex_single_camera_v2_1/assets/exercise-guides/middle_mcp_extension/right/return.png,缓慢屈回刚才记录的起点，其他手指不要遮挡。,单只手近景；从所测手指侧面拍摄，让各关节展开在画面内。,,待提供,
187,middle_pip_flexion,中指近端指间关节屈伸,手指,左侧,准备姿势,middle_pip_flexion_left_start_中指近端指间关节屈伸_左侧_准备姿势.png,rehab_codex_single_camera_v2_1/assets/exercise-guides/middle_pip_flexion/left/start.png,中指保持舒适伸展，不要强行掰直。,单只手近景；从所测手指侧面拍摄，让各关节展开在画面内。,,待提供,
188,middle_pip_flexion,中指近端指间关节屈伸,手指,左侧,完成动作,middle_pip_flexion_left_move_中指近端指间关节屈伸_左侧_完成动作.png,rehab_codex_single_camera_v2_1/assets/exercise-guides/middle_pip_flexion/left/move.png,缓慢弯曲中指中间的近端指间关节，保持该关节两侧指段可见。,单只手近景；从所测手指侧面拍摄，让各关节展开在画面内。,,待提供,
189,middle_pip_flexion,中指近端指间关节屈伸,手指,左侧,返回起点,middle_pip_flexion_left_return_中指近端指间关节屈伸_左侧_返回起点.png,rehab_codex_single_camera_v2_1/assets/exercise-guides/middle_pip_flexion/left/return.png,缓慢伸回起始姿势，不要求所有手指同时握拳。,单只手近景；从所测手指侧面拍摄，让各关节展开在画面内。,,待提供,
190,middle_pip_flexion,中指近端指间关节屈伸,手指,右侧,准备姿势,middle_pip_flexion_right_start_中指近端指间关节屈伸_右侧_准备姿势.png,rehab_codex_single_camera_v2_1/assets/exercise-guides/middle_pip_flexion/right/start.png,中指保持舒适伸展，不要强行掰直。,单只手近景；从所测手指侧面拍摄，让各关节展开在画面内。,,待提供,
191,middle_pip_flexion,中指近端指间关节屈伸,手指,右侧,完成动作,middle_pip_flexion_right_move_中指近端指间关节屈伸_右侧_完成动作.png,rehab_codex_single_camera_v2_1/assets/exercise-guides/middle_pip_flexion/right/move.png,缓慢弯曲中指中间的近端指间关节，保持该关节两侧指段可见。,单只手近景；从所测手指侧面拍摄，让各关节展开在画面内。,,待提供,
192,middle_pip_flexion,中指近端指间关节屈伸,手指,右侧,返回起点,middle_pip_flexion_right_return_中指近端指间关节屈伸_右侧_返回起点.png,rehab_codex_single_camera_v2_1/assets/exercise-guides/middle_pip_flexion/right/return.png,缓慢伸回起始姿势，不要求所有手指同时握拳。,单只手近景；从所测手指侧面拍摄，让各关节展开在画面内。,,待提供,
193,middle_pip_extension,中指近端指间关节伸展,手指,左侧,准备姿势,middle_pip_extension_left_start_中指近端指间关节伸展_左侧_准备姿势.png,rehab_codex_single_camera_v2_1/assets/exercise-guides/middle_pip_extension/left/start.png,中指保持舒适屈曲姿势，记录起点。,单只手近景；从所测手指侧面拍摄，让各关节展开在画面内。,,待提供,
194,middle_pip_extension,中指近端指间关节伸展,手指,左侧,完成动作,middle_pip_extension_left_move_中指近端指间关节伸展_左侧_完成动作.png,rehab_codex_single_camera_v2_1/assets/exercise-guides/middle_pip_extension/left/move.png,缓慢伸展中指中间的近端指间关节，不强行掰直。,单只手近景；从所测手指侧面拍摄，让各关节展开在画面内。,,待提供,
195,middle_pip_extension,中指近端指间关节伸展,手指,左侧,返回起点,middle_pip_extension_left_return_中指近端指间关节伸展_左侧_返回起点.png,rehab_codex_single_camera_v2_1/assets/exercise-guides/middle_pip_extension/left/return.png,缓慢屈回刚才记录的起点，其他手指不要遮挡。,单只手近景；从所测手指侧面拍摄，让各关节展开在画面内。,,待提供,
196,middle_pip_extension,中指近端指间关节伸展,手指,右侧,准备姿势,middle_pip_extension_right_start_中指近端指间关节伸展_右侧_准备姿势.png,rehab_codex_single_camera_v2_1/assets/exercise-guides/middle_pip_extension/right/start.png,中指保持舒适屈曲姿势，记录起点。,单只手近景；从所测手指侧面拍摄，让各关节展开在画面内。,,待提供,
197,middle_pip_extension,中指近端指间关节伸展,手指,右侧,完成动作,middle_pip_extension_right_move_中指近端指间关节伸展_右侧_完成动作.png,rehab_codex_single_camera_v2_1/assets/exercise-guides/middle_pip_extension/right/move.png,缓慢伸展中指中间的近端指间关节，不强行掰直。,单只手近景；从所测手指侧面拍摄，让各关节展开在画面内。,,待提供,
198,middle_pip_extension,中指近端指间关节伸展,手指,右侧,返回起点,middle_pip_extension_right_return_中指近端指间关节伸展_右侧_返回起点.png,rehab_codex_single_camera_v2_1/assets/exercise-guides/middle_pip_extension/right/return.png,缓慢屈回刚才记录的起点，其他手指不要遮挡。,单只手近景；从所测手指侧面拍摄，让各关节展开在画面内。,,待提供,
199,middle_dip_flexion,中指远端指间关节屈伸,手指,左侧,准备姿势,middle_dip_flexion_left_start_中指远端指间关节屈伸_左侧_准备姿势.png,rehab_codex_single_camera_v2_1/assets/exercise-guides/middle_dip_flexion/left/start.png,中指保持舒适伸展，不要强行掰直。,单只手近景；从所测手指侧面拍摄，让各关节展开在画面内。,,待提供,
200,middle_dip_flexion,中指远端指间关节屈伸,手指,左侧,完成动作,middle_dip_flexion_left_move_中指远端指间关节屈伸_左侧_完成动作.png,rehab_codex_single_camera_v2_1/assets/exercise-guides/middle_dip_flexion/left/move.png,缓慢弯曲中指靠近指尖的远端指间关节，保持该关节两侧指段可见。,单只手近景；从所测手指侧面拍摄，让各关节展开在画面内。,,待提供,
201,middle_dip_flexion,中指远端指间关节屈伸,手指,左侧,返回起点,middle_dip_flexion_left_return_中指远端指间关节屈伸_左侧_返回起点.png,rehab_codex_single_camera_v2_1/assets/exercise-guides/middle_dip_flexion/left/return.png,缓慢伸回起始姿势，不要求所有手指同时握拳。,单只手近景；从所测手指侧面拍摄，让各关节展开在画面内。,,待提供,
202,middle_dip_flexion,中指远端指间关节屈伸,手指,右侧,准备姿势,middle_dip_flexion_right_start_中指远端指间关节屈伸_右侧_准备姿势.png,rehab_codex_single_camera_v2_1/assets/exercise-guides/middle_dip_flexion/right/start.png,中指保持舒适伸展，不要强行掰直。,单只手近景；从所测手指侧面拍摄，让各关节展开在画面内。,,待提供,
203,middle_dip_flexion,中指远端指间关节屈伸,手指,右侧,完成动作,middle_dip_flexion_right_move_中指远端指间关节屈伸_右侧_完成动作.png,rehab_codex_single_camera_v2_1/assets/exercise-guides/middle_dip_flexion/right/move.png,缓慢弯曲中指靠近指尖的远端指间关节，保持该关节两侧指段可见。,单只手近景；从所测手指侧面拍摄，让各关节展开在画面内。,,待提供,
204,middle_dip_flexion,中指远端指间关节屈伸,手指,右侧,返回起点,middle_dip_flexion_right_return_中指远端指间关节屈伸_右侧_返回起点.png,rehab_codex_single_camera_v2_1/assets/exercise-guides/middle_dip_flexion/right/return.png,缓慢伸回起始姿势，不要求所有手指同时握拳。,单只手近景；从所测手指侧面拍摄，让各关节展开在画面内。,,待提供,
205,middle_dip_extension,中指远端指间关节伸展,手指,左侧,准备姿势,middle_dip_extension_left_start_中指远端指间关节伸展_左侧_准备姿势.png,rehab_codex_single_camera_v2_1/assets/exercise-guides/middle_dip_extension/left/start.png,中指保持舒适屈曲姿势，记录起点。,单只手近景；从所测手指侧面拍摄，让各关节展开在画面内。,,待提供,
206,middle_dip_extension,中指远端指间关节伸展,手指,左侧,完成动作,middle_dip_extension_left_move_中指远端指间关节伸展_左侧_完成动作.png,rehab_codex_single_camera_v2_1/assets/exercise-guides/middle_dip_extension/left/move.png,缓慢伸展中指靠近指尖的远端指间关节，不强行掰直。,单只手近景；从所测手指侧面拍摄，让各关节展开在画面内。,,待提供,
207,middle_dip_extension,中指远端指间关节伸展,手指,左侧,返回起点,middle_dip_extension_left_return_中指远端指间关节伸展_左侧_返回起点.png,rehab_codex_single_camera_v2_1/assets/exercise-guides/middle_dip_extension/left/return.png,缓慢屈回刚才记录的起点，其他手指不要遮挡。,单只手近景；从所测手指侧面拍摄，让各关节展开在画面内。,,待提供,
208,middle_dip_extension,中指远端指间关节伸展,手指,右侧,准备姿势,middle_dip_extension_right_start_中指远端指间关节伸展_右侧_准备姿势.png,rehab_codex_single_camera_v2_1/assets/exercise-guides/middle_dip_extension/right/start.png,中指保持舒适屈曲姿势，记录起点。,单只手近景；从所测手指侧面拍摄，让各关节展开在画面内。,,待提供,
209,middle_dip_extension,中指远端指间关节伸展,手指,右侧,完成动作,middle_dip_extension_right_move_中指远端指间关节伸展_右侧_完成动作.png,rehab_codex_single_camera_v2_1/assets/exercise-guides/middle_dip_extension/right/move.png,缓慢伸展中指靠近指尖的远端指间关节，不强行掰直。,单只手近景；从所测手指侧面拍摄，让各关节展开在画面内。,,待提供,
210,middle_dip_extension,中指远端指间关节伸展,手指,右侧,返回起点,middle_dip_extension_right_return_中指远端指间关节伸展_右侧_返回起点.png,rehab_codex_single_camera_v2_1/assets/exercise-guides/middle_dip_extension/right/return.png,缓慢屈回刚才记录的起点，其他手指不要遮挡。,单只手近景；从所测手指侧面拍摄，让各关节展开在画面内。,,待提供,
211,ring_mcp_flexion,无名指掌指关节屈伸,手指,左侧,准备姿势,ring_mcp_flexion_left_start_无名指掌指关节屈伸_左侧_准备姿势.png,rehab_codex_single_camera_v2_1/assets/exercise-guides/ring_mcp_flexion/left/start.png,无名指保持舒适伸展，不要强行掰直。,单只手近景；从所测手指侧面拍摄，让各关节展开在画面内。,,待提供,
212,ring_mcp_flexion,无名指掌指关节屈伸,手指,左侧,完成动作,ring_mcp_flexion_left_move_无名指掌指关节屈伸_左侧_完成动作.png,rehab_codex_single_camera_v2_1/assets/exercise-guides/ring_mcp_flexion/left/move.png,缓慢弯曲无名指指根的掌指关节，保持该关节两侧指段可见。,单只手近景；从所测手指侧面拍摄，让各关节展开在画面内。,,待提供,
213,ring_mcp_flexion,无名指掌指关节屈伸,手指,左侧,返回起点,ring_mcp_flexion_left_return_无名指掌指关节屈伸_左侧_返回起点.png,rehab_codex_single_camera_v2_1/assets/exercise-guides/ring_mcp_flexion/left/return.png,缓慢伸回起始姿势，不要求所有手指同时握拳。,单只手近景；从所测手指侧面拍摄，让各关节展开在画面内。,,待提供,
214,ring_mcp_flexion,无名指掌指关节屈伸,手指,右侧,准备姿势,ring_mcp_flexion_right_start_无名指掌指关节屈伸_右侧_准备姿势.png,rehab_codex_single_camera_v2_1/assets/exercise-guides/ring_mcp_flexion/right/start.png,无名指保持舒适伸展，不要强行掰直。,单只手近景；从所测手指侧面拍摄，让各关节展开在画面内。,,待提供,
215,ring_mcp_flexion,无名指掌指关节屈伸,手指,右侧,完成动作,ring_mcp_flexion_right_move_无名指掌指关节屈伸_右侧_完成动作.png,rehab_codex_single_camera_v2_1/assets/exercise-guides/ring_mcp_flexion/right/move.png,缓慢弯曲无名指指根的掌指关节，保持该关节两侧指段可见。,单只手近景；从所测手指侧面拍摄，让各关节展开在画面内。,,待提供,
216,ring_mcp_flexion,无名指掌指关节屈伸,手指,右侧,返回起点,ring_mcp_flexion_right_return_无名指掌指关节屈伸_右侧_返回起点.png,rehab_codex_single_camera_v2_1/assets/exercise-guides/ring_mcp_flexion/right/return.png,缓慢伸回起始姿势，不要求所有手指同时握拳。,单只手近景；从所测手指侧面拍摄，让各关节展开在画面内。,,待提供,
217,ring_mcp_extension,无名指掌指关节伸展,手指,左侧,准备姿势,ring_mcp_extension_left_start_无名指掌指关节伸展_左侧_准备姿势.png,rehab_codex_single_camera_v2_1/assets/exercise-guides/ring_mcp_extension/left/start.png,无名指保持舒适屈曲姿势，记录起点。,单只手近景；从所测手指侧面拍摄，让各关节展开在画面内。,,待提供,
218,ring_mcp_extension,无名指掌指关节伸展,手指,左侧,完成动作,ring_mcp_extension_left_move_无名指掌指关节伸展_左侧_完成动作.png,rehab_codex_single_camera_v2_1/assets/exercise-guides/ring_mcp_extension/left/move.png,缓慢伸展无名指指根的掌指关节，不强行掰直。,单只手近景；从所测手指侧面拍摄，让各关节展开在画面内。,,待提供,
219,ring_mcp_extension,无名指掌指关节伸展,手指,左侧,返回起点,ring_mcp_extension_left_return_无名指掌指关节伸展_左侧_返回起点.png,rehab_codex_single_camera_v2_1/assets/exercise-guides/ring_mcp_extension/left/return.png,缓慢屈回刚才记录的起点，其他手指不要遮挡。,单只手近景；从所测手指侧面拍摄，让各关节展开在画面内。,,待提供,
220,ring_mcp_extension,无名指掌指关节伸展,手指,右侧,准备姿势,ring_mcp_extension_right_start_无名指掌指关节伸展_右侧_准备姿势.png,rehab_codex_single_camera_v2_1/assets/exercise-guides/ring_mcp_extension/right/start.png,无名指保持舒适屈曲姿势，记录起点。,单只手近景；从所测手指侧面拍摄，让各关节展开在画面内。,,待提供,
221,ring_mcp_extension,无名指掌指关节伸展,手指,右侧,完成动作,ring_mcp_extension_right_move_无名指掌指关节伸展_右侧_完成动作.png,rehab_codex_single_camera_v2_1/assets/exercise-guides/ring_mcp_extension/right/move.png,缓慢伸展无名指指根的掌指关节，不强行掰直。,单只手近景；从所测手指侧面拍摄，让各关节展开在画面内。,,待提供,
222,ring_mcp_extension,无名指掌指关节伸展,手指,右侧,返回起点,ring_mcp_extension_right_return_无名指掌指关节伸展_右侧_返回起点.png,rehab_codex_single_camera_v2_1/assets/exercise-guides/ring_mcp_extension/right/return.png,缓慢屈回刚才记录的起点，其他手指不要遮挡。,单只手近景；从所测手指侧面拍摄，让各关节展开在画面内。,,待提供,
223,ring_pip_flexion,无名指近端指间关节屈伸,手指,左侧,准备姿势,ring_pip_flexion_left_start_无名指近端指间关节屈伸_左侧_准备姿势.png,rehab_codex_single_camera_v2_1/assets/exercise-guides/ring_pip_flexion/left/start.png,无名指保持舒适伸展，不要强行掰直。,单只手近景；从所测手指侧面拍摄，让各关节展开在画面内。,,待提供,
224,ring_pip_flexion,无名指近端指间关节屈伸,手指,左侧,完成动作,ring_pip_flexion_left_move_无名指近端指间关节屈伸_左侧_完成动作.png,rehab_codex_single_camera_v2_1/assets/exercise-guides/ring_pip_flexion/left/move.png,缓慢弯曲无名指中间的近端指间关节，保持该关节两侧指段可见。,单只手近景；从所测手指侧面拍摄，让各关节展开在画面内。,,待提供,
225,ring_pip_flexion,无名指近端指间关节屈伸,手指,左侧,返回起点,ring_pip_flexion_left_return_无名指近端指间关节屈伸_左侧_返回起点.png,rehab_codex_single_camera_v2_1/assets/exercise-guides/ring_pip_flexion/left/return.png,缓慢伸回起始姿势，不要求所有手指同时握拳。,单只手近景；从所测手指侧面拍摄，让各关节展开在画面内。,,待提供,
226,ring_pip_flexion,无名指近端指间关节屈伸,手指,右侧,准备姿势,ring_pip_flexion_right_start_无名指近端指间关节屈伸_右侧_准备姿势.png,rehab_codex_single_camera_v2_1/assets/exercise-guides/ring_pip_flexion/right/start.png,无名指保持舒适伸展，不要强行掰直。,单只手近景；从所测手指侧面拍摄，让各关节展开在画面内。,,待提供,
227,ring_pip_flexion,无名指近端指间关节屈伸,手指,右侧,完成动作,ring_pip_flexion_right_move_无名指近端指间关节屈伸_右侧_完成动作.png,rehab_codex_single_camera_v2_1/assets/exercise-guides/ring_pip_flexion/right/move.png,缓慢弯曲无名指中间的近端指间关节，保持该关节两侧指段可见。,单只手近景；从所测手指侧面拍摄，让各关节展开在画面内。,,待提供,
228,ring_pip_flexion,无名指近端指间关节屈伸,手指,右侧,返回起点,ring_pip_flexion_right_return_无名指近端指间关节屈伸_右侧_返回起点.png,rehab_codex_single_camera_v2_1/assets/exercise-guides/ring_pip_flexion/right/return.png,缓慢伸回起始姿势，不要求所有手指同时握拳。,单只手近景；从所测手指侧面拍摄，让各关节展开在画面内。,,待提供,
229,ring_pip_extension,无名指近端指间关节伸展,手指,左侧,准备姿势,ring_pip_extension_left_start_无名指近端指间关节伸展_左侧_准备姿势.png,rehab_codex_single_camera_v2_1/assets/exercise-guides/ring_pip_extension/left/start.png,无名指保持舒适屈曲姿势，记录起点。,单只手近景；从所测手指侧面拍摄，让各关节展开在画面内。,,待提供,
230,ring_pip_extension,无名指近端指间关节伸展,手指,左侧,完成动作,ring_pip_extension_left_move_无名指近端指间关节伸展_左侧_完成动作.png,rehab_codex_single_camera_v2_1/assets/exercise-guides/ring_pip_extension/left/move.png,缓慢伸展无名指中间的近端指间关节，不强行掰直。,单只手近景；从所测手指侧面拍摄，让各关节展开在画面内。,,待提供,
231,ring_pip_extension,无名指近端指间关节伸展,手指,左侧,返回起点,ring_pip_extension_left_return_无名指近端指间关节伸展_左侧_返回起点.png,rehab_codex_single_camera_v2_1/assets/exercise-guides/ring_pip_extension/left/return.png,缓慢屈回刚才记录的起点，其他手指不要遮挡。,单只手近景；从所测手指侧面拍摄，让各关节展开在画面内。,,待提供,
232,ring_pip_extension,无名指近端指间关节伸展,手指,右侧,准备姿势,ring_pip_extension_right_start_无名指近端指间关节伸展_右侧_准备姿势.png,rehab_codex_single_camera_v2_1/assets/exercise-guides/ring_pip_extension/right/start.png,无名指保持舒适屈曲姿势，记录起点。,单只手近景；从所测手指侧面拍摄，让各关节展开在画面内。,,待提供,
233,ring_pip_extension,无名指近端指间关节伸展,手指,右侧,完成动作,ring_pip_extension_right_move_无名指近端指间关节伸展_右侧_完成动作.png,rehab_codex_single_camera_v2_1/assets/exercise-guides/ring_pip_extension/right/move.png,缓慢伸展无名指中间的近端指间关节，不强行掰直。,单只手近景；从所测手指侧面拍摄，让各关节展开在画面内。,,待提供,
234,ring_pip_extension,无名指近端指间关节伸展,手指,右侧,返回起点,ring_pip_extension_right_return_无名指近端指间关节伸展_右侧_返回起点.png,rehab_codex_single_camera_v2_1/assets/exercise-guides/ring_pip_extension/right/return.png,缓慢屈回刚才记录的起点，其他手指不要遮挡。,单只手近景；从所测手指侧面拍摄，让各关节展开在画面内。,,待提供,
235,ring_dip_flexion,无名指远端指间关节屈伸,手指,左侧,准备姿势,ring_dip_flexion_left_start_无名指远端指间关节屈伸_左侧_准备姿势.png,rehab_codex_single_camera_v2_1/assets/exercise-guides/ring_dip_flexion/left/start.png,无名指保持舒适伸展，不要强行掰直。,单只手近景；从所测手指侧面拍摄，让各关节展开在画面内。,,待提供,
236,ring_dip_flexion,无名指远端指间关节屈伸,手指,左侧,完成动作,ring_dip_flexion_left_move_无名指远端指间关节屈伸_左侧_完成动作.png,rehab_codex_single_camera_v2_1/assets/exercise-guides/ring_dip_flexion/left/move.png,缓慢弯曲无名指靠近指尖的远端指间关节，保持该关节两侧指段可见。,单只手近景；从所测手指侧面拍摄，让各关节展开在画面内。,,待提供,
237,ring_dip_flexion,无名指远端指间关节屈伸,手指,左侧,返回起点,ring_dip_flexion_left_return_无名指远端指间关节屈伸_左侧_返回起点.png,rehab_codex_single_camera_v2_1/assets/exercise-guides/ring_dip_flexion/left/return.png,缓慢伸回起始姿势，不要求所有手指同时握拳。,单只手近景；从所测手指侧面拍摄，让各关节展开在画面内。,,待提供,
238,ring_dip_flexion,无名指远端指间关节屈伸,手指,右侧,准备姿势,ring_dip_flexion_right_start_无名指远端指间关节屈伸_右侧_准备姿势.png,rehab_codex_single_camera_v2_1/assets/exercise-guides/ring_dip_flexion/right/start.png,无名指保持舒适伸展，不要强行掰直。,单只手近景；从所测手指侧面拍摄，让各关节展开在画面内。,,待提供,
239,ring_dip_flexion,无名指远端指间关节屈伸,手指,右侧,完成动作,ring_dip_flexion_right_move_无名指远端指间关节屈伸_右侧_完成动作.png,rehab_codex_single_camera_v2_1/assets/exercise-guides/ring_dip_flexion/right/move.png,缓慢弯曲无名指靠近指尖的远端指间关节，保持该关节两侧指段可见。,单只手近景；从所测手指侧面拍摄，让各关节展开在画面内。,,待提供,
240,ring_dip_flexion,无名指远端指间关节屈伸,手指,右侧,返回起点,ring_dip_flexion_right_return_无名指远端指间关节屈伸_右侧_返回起点.png,rehab_codex_single_camera_v2_1/assets/exercise-guides/ring_dip_flexion/right/return.png,缓慢伸回起始姿势，不要求所有手指同时握拳。,单只手近景；从所测手指侧面拍摄，让各关节展开在画面内。,,待提供,
241,ring_dip_extension,无名指远端指间关节伸展,手指,左侧,准备姿势,ring_dip_extension_left_start_无名指远端指间关节伸展_左侧_准备姿势.png,rehab_codex_single_camera_v2_1/assets/exercise-guides/ring_dip_extension/left/start.png,无名指保持舒适屈曲姿势，记录起点。,单只手近景；从所测手指侧面拍摄，让各关节展开在画面内。,,待提供,
242,ring_dip_extension,无名指远端指间关节伸展,手指,左侧,完成动作,ring_dip_extension_left_move_无名指远端指间关节伸展_左侧_完成动作.png,rehab_codex_single_camera_v2_1/assets/exercise-guides/ring_dip_extension/left/move.png,缓慢伸展无名指靠近指尖的远端指间关节，不强行掰直。,单只手近景；从所测手指侧面拍摄，让各关节展开在画面内。,,待提供,
243,ring_dip_extension,无名指远端指间关节伸展,手指,左侧,返回起点,ring_dip_extension_left_return_无名指远端指间关节伸展_左侧_返回起点.png,rehab_codex_single_camera_v2_1/assets/exercise-guides/ring_dip_extension/left/return.png,缓慢屈回刚才记录的起点，其他手指不要遮挡。,单只手近景；从所测手指侧面拍摄，让各关节展开在画面内。,,待提供,
244,ring_dip_extension,无名指远端指间关节伸展,手指,右侧,准备姿势,ring_dip_extension_right_start_无名指远端指间关节伸展_右侧_准备姿势.png,rehab_codex_single_camera_v2_1/assets/exercise-guides/ring_dip_extension/right/start.png,无名指保持舒适屈曲姿势，记录起点。,单只手近景；从所测手指侧面拍摄，让各关节展开在画面内。,,待提供,
245,ring_dip_extension,无名指远端指间关节伸展,手指,右侧,完成动作,ring_dip_extension_right_move_无名指远端指间关节伸展_右侧_完成动作.png,rehab_codex_single_camera_v2_1/assets/exercise-guides/ring_dip_extension/right/move.png,缓慢伸展无名指靠近指尖的远端指间关节，不强行掰直。,单只手近景；从所测手指侧面拍摄，让各关节展开在画面内。,,待提供,
246,ring_dip_extension,无名指远端指间关节伸展,手指,右侧,返回起点,ring_dip_extension_right_return_无名指远端指间关节伸展_右侧_返回起点.png,rehab_codex_single_camera_v2_1/assets/exercise-guides/ring_dip_extension/right/return.png,缓慢屈回刚才记录的起点，其他手指不要遮挡。,单只手近景；从所测手指侧面拍摄，让各关节展开在画面内。,,待提供,
247,pinky_mcp_flexion,小指掌指关节屈伸,手指,左侧,准备姿势,pinky_mcp_flexion_left_start_小指掌指关节屈伸_左侧_准备姿势.png,rehab_codex_single_camera_v2_1/assets/exercise-guides/pinky_mcp_flexion/left/start.png,小指保持舒适伸展，不要强行掰直。,单只手近景；从所测手指侧面拍摄，让各关节展开在画面内。,,待提供,
248,pinky_mcp_flexion,小指掌指关节屈伸,手指,左侧,完成动作,pinky_mcp_flexion_left_move_小指掌指关节屈伸_左侧_完成动作.png,rehab_codex_single_camera_v2_1/assets/exercise-guides/pinky_mcp_flexion/left/move.png,缓慢弯曲小指指根的掌指关节，保持该关节两侧指段可见。,单只手近景；从所测手指侧面拍摄，让各关节展开在画面内。,,待提供,
249,pinky_mcp_flexion,小指掌指关节屈伸,手指,左侧,返回起点,pinky_mcp_flexion_left_return_小指掌指关节屈伸_左侧_返回起点.png,rehab_codex_single_camera_v2_1/assets/exercise-guides/pinky_mcp_flexion/left/return.png,缓慢伸回起始姿势，不要求所有手指同时握拳。,单只手近景；从所测手指侧面拍摄，让各关节展开在画面内。,,待提供,
250,pinky_mcp_flexion,小指掌指关节屈伸,手指,右侧,准备姿势,pinky_mcp_flexion_right_start_小指掌指关节屈伸_右侧_准备姿势.png,rehab_codex_single_camera_v2_1/assets/exercise-guides/pinky_mcp_flexion/right/start.png,小指保持舒适伸展，不要强行掰直。,单只手近景；从所测手指侧面拍摄，让各关节展开在画面内。,,待提供,
251,pinky_mcp_flexion,小指掌指关节屈伸,手指,右侧,完成动作,pinky_mcp_flexion_right_move_小指掌指关节屈伸_右侧_完成动作.png,rehab_codex_single_camera_v2_1/assets/exercise-guides/pinky_mcp_flexion/right/move.png,缓慢弯曲小指指根的掌指关节，保持该关节两侧指段可见。,单只手近景；从所测手指侧面拍摄，让各关节展开在画面内。,,待提供,
252,pinky_mcp_flexion,小指掌指关节屈伸,手指,右侧,返回起点,pinky_mcp_flexion_right_return_小指掌指关节屈伸_右侧_返回起点.png,rehab_codex_single_camera_v2_1/assets/exercise-guides/pinky_mcp_flexion/right/return.png,缓慢伸回起始姿势，不要求所有手指同时握拳。,单只手近景；从所测手指侧面拍摄，让各关节展开在画面内。,,待提供,
253,pinky_mcp_extension,小指掌指关节伸展,手指,左侧,准备姿势,pinky_mcp_extension_left_start_小指掌指关节伸展_左侧_准备姿势.png,rehab_codex_single_camera_v2_1/assets/exercise-guides/pinky_mcp_extension/left/start.png,小指保持舒适屈曲姿势，记录起点。,单只手近景；从所测手指侧面拍摄，让各关节展开在画面内。,,待提供,
254,pinky_mcp_extension,小指掌指关节伸展,手指,左侧,完成动作,pinky_mcp_extension_left_move_小指掌指关节伸展_左侧_完成动作.png,rehab_codex_single_camera_v2_1/assets/exercise-guides/pinky_mcp_extension/left/move.png,缓慢伸展小指指根的掌指关节，不强行掰直。,单只手近景；从所测手指侧面拍摄，让各关节展开在画面内。,,待提供,
255,pinky_mcp_extension,小指掌指关节伸展,手指,左侧,返回起点,pinky_mcp_extension_left_return_小指掌指关节伸展_左侧_返回起点.png,rehab_codex_single_camera_v2_1/assets/exercise-guides/pinky_mcp_extension/left/return.png,缓慢屈回刚才记录的起点，其他手指不要遮挡。,单只手近景；从所测手指侧面拍摄，让各关节展开在画面内。,,待提供,
256,pinky_mcp_extension,小指掌指关节伸展,手指,右侧,准备姿势,pinky_mcp_extension_right_start_小指掌指关节伸展_右侧_准备姿势.png,rehab_codex_single_camera_v2_1/assets/exercise-guides/pinky_mcp_extension/right/start.png,小指保持舒适屈曲姿势，记录起点。,单只手近景；从所测手指侧面拍摄，让各关节展开在画面内。,,待提供,
257,pinky_mcp_extension,小指掌指关节伸展,手指,右侧,完成动作,pinky_mcp_extension_right_move_小指掌指关节伸展_右侧_完成动作.png,rehab_codex_single_camera_v2_1/assets/exercise-guides/pinky_mcp_extension/right/move.png,缓慢伸展小指指根的掌指关节，不强行掰直。,单只手近景；从所测手指侧面拍摄，让各关节展开在画面内。,,待提供,
258,pinky_mcp_extension,小指掌指关节伸展,手指,右侧,返回起点,pinky_mcp_extension_right_return_小指掌指关节伸展_右侧_返回起点.png,rehab_codex_single_camera_v2_1/assets/exercise-guides/pinky_mcp_extension/right/return.png,缓慢屈回刚才记录的起点，其他手指不要遮挡。,单只手近景；从所测手指侧面拍摄，让各关节展开在画面内。,,待提供,
259,pinky_pip_flexion,小指近端指间关节屈伸,手指,左侧,准备姿势,pinky_pip_flexion_left_start_小指近端指间关节屈伸_左侧_准备姿势.png,rehab_codex_single_camera_v2_1/assets/exercise-guides/pinky_pip_flexion/left/start.png,小指保持舒适伸展，不要强行掰直。,单只手近景；从所测手指侧面拍摄，让各关节展开在画面内。,,待提供,
260,pinky_pip_flexion,小指近端指间关节屈伸,手指,左侧,完成动作,pinky_pip_flexion_left_move_小指近端指间关节屈伸_左侧_完成动作.png,rehab_codex_single_camera_v2_1/assets/exercise-guides/pinky_pip_flexion/left/move.png,缓慢弯曲小指中间的近端指间关节，保持该关节两侧指段可见。,单只手近景；从所测手指侧面拍摄，让各关节展开在画面内。,,待提供,
261,pinky_pip_flexion,小指近端指间关节屈伸,手指,左侧,返回起点,pinky_pip_flexion_left_return_小指近端指间关节屈伸_左侧_返回起点.png,rehab_codex_single_camera_v2_1/assets/exercise-guides/pinky_pip_flexion/left/return.png,缓慢伸回起始姿势，不要求所有手指同时握拳。,单只手近景；从所测手指侧面拍摄，让各关节展开在画面内。,,待提供,
262,pinky_pip_flexion,小指近端指间关节屈伸,手指,右侧,准备姿势,pinky_pip_flexion_right_start_小指近端指间关节屈伸_右侧_准备姿势.png,rehab_codex_single_camera_v2_1/assets/exercise-guides/pinky_pip_flexion/right/start.png,小指保持舒适伸展，不要强行掰直。,单只手近景；从所测手指侧面拍摄，让各关节展开在画面内。,,待提供,
263,pinky_pip_flexion,小指近端指间关节屈伸,手指,右侧,完成动作,pinky_pip_flexion_right_move_小指近端指间关节屈伸_右侧_完成动作.png,rehab_codex_single_camera_v2_1/assets/exercise-guides/pinky_pip_flexion/right/move.png,缓慢弯曲小指中间的近端指间关节，保持该关节两侧指段可见。,单只手近景；从所测手指侧面拍摄，让各关节展开在画面内。,,待提供,
264,pinky_pip_flexion,小指近端指间关节屈伸,手指,右侧,返回起点,pinky_pip_flexion_right_return_小指近端指间关节屈伸_右侧_返回起点.png,rehab_codex_single_camera_v2_1/assets/exercise-guides/pinky_pip_flexion/right/return.png,缓慢伸回起始姿势，不要求所有手指同时握拳。,单只手近景；从所测手指侧面拍摄，让各关节展开在画面内。,,待提供,
265,pinky_pip_extension,小指近端指间关节伸展,手指,左侧,准备姿势,pinky_pip_extension_left_start_小指近端指间关节伸展_左侧_准备姿势.png,rehab_codex_single_camera_v2_1/assets/exercise-guides/pinky_pip_extension/left/start.png,小指保持舒适屈曲姿势，记录起点。,单只手近景；从所测手指侧面拍摄，让各关节展开在画面内。,,待提供,
266,pinky_pip_extension,小指近端指间关节伸展,手指,左侧,完成动作,pinky_pip_extension_left_move_小指近端指间关节伸展_左侧_完成动作.png,rehab_codex_single_camera_v2_1/assets/exercise-guides/pinky_pip_extension/left/move.png,缓慢伸展小指中间的近端指间关节，不强行掰直。,单只手近景；从所测手指侧面拍摄，让各关节展开在画面内。,,待提供,
267,pinky_pip_extension,小指近端指间关节伸展,手指,左侧,返回起点,pinky_pip_extension_left_return_小指近端指间关节伸展_左侧_返回起点.png,rehab_codex_single_camera_v2_1/assets/exercise-guides/pinky_pip_extension/left/return.png,缓慢屈回刚才记录的起点，其他手指不要遮挡。,单只手近景；从所测手指侧面拍摄，让各关节展开在画面内。,,待提供,
268,pinky_pip_extension,小指近端指间关节伸展,手指,右侧,准备姿势,pinky_pip_extension_right_start_小指近端指间关节伸展_右侧_准备姿势.png,rehab_codex_single_camera_v2_1/assets/exercise-guides/pinky_pip_extension/right/start.png,小指保持舒适屈曲姿势，记录起点。,单只手近景；从所测手指侧面拍摄，让各关节展开在画面内。,,待提供,
269,pinky_pip_extension,小指近端指间关节伸展,手指,右侧,完成动作,pinky_pip_extension_right_move_小指近端指间关节伸展_右侧_完成动作.png,rehab_codex_single_camera_v2_1/assets/exercise-guides/pinky_pip_extension/right/move.png,缓慢伸展小指中间的近端指间关节，不强行掰直。,单只手近景；从所测手指侧面拍摄，让各关节展开在画面内。,,待提供,
270,pinky_pip_extension,小指近端指间关节伸展,手指,右侧,返回起点,pinky_pip_extension_right_return_小指近端指间关节伸展_右侧_返回起点.png,rehab_codex_single_camera_v2_1/assets/exercise-guides/pinky_pip_extension/right/return.png,缓慢屈回刚才记录的起点，其他手指不要遮挡。,单只手近景；从所测手指侧面拍摄，让各关节展开在画面内。,,待提供,
271,pinky_dip_flexion,小指远端指间关节屈伸,手指,左侧,准备姿势,pinky_dip_flexion_left_start_小指远端指间关节屈伸_左侧_准备姿势.png,rehab_codex_single_camera_v2_1/assets/exercise-guides/pinky_dip_flexion/left/start.png,小指保持舒适伸展，不要强行掰直。,单只手近景；从所测手指侧面拍摄，让各关节展开在画面内。,,待提供,
272,pinky_dip_flexion,小指远端指间关节屈伸,手指,左侧,完成动作,pinky_dip_flexion_left_move_小指远端指间关节屈伸_左侧_完成动作.png,rehab_codex_single_camera_v2_1/assets/exercise-guides/pinky_dip_flexion/left/move.png,缓慢弯曲小指靠近指尖的远端指间关节，保持该关节两侧指段可见。,单只手近景；从所测手指侧面拍摄，让各关节展开在画面内。,,待提供,
273,pinky_dip_flexion,小指远端指间关节屈伸,手指,左侧,返回起点,pinky_dip_flexion_left_return_小指远端指间关节屈伸_左侧_返回起点.png,rehab_codex_single_camera_v2_1/assets/exercise-guides/pinky_dip_flexion/left/return.png,缓慢伸回起始姿势，不要求所有手指同时握拳。,单只手近景；从所测手指侧面拍摄，让各关节展开在画面内。,,待提供,
274,pinky_dip_flexion,小指远端指间关节屈伸,手指,右侧,准备姿势,pinky_dip_flexion_right_start_小指远端指间关节屈伸_右侧_准备姿势.png,rehab_codex_single_camera_v2_1/assets/exercise-guides/pinky_dip_flexion/right/start.png,小指保持舒适伸展，不要强行掰直。,单只手近景；从所测手指侧面拍摄，让各关节展开在画面内。,,待提供,
275,pinky_dip_flexion,小指远端指间关节屈伸,手指,右侧,完成动作,pinky_dip_flexion_right_move_小指远端指间关节屈伸_右侧_完成动作.png,rehab_codex_single_camera_v2_1/assets/exercise-guides/pinky_dip_flexion/right/move.png,缓慢弯曲小指靠近指尖的远端指间关节，保持该关节两侧指段可见。,单只手近景；从所测手指侧面拍摄，让各关节展开在画面内。,,待提供,
276,pinky_dip_flexion,小指远端指间关节屈伸,手指,右侧,返回起点,pinky_dip_flexion_right_return_小指远端指间关节屈伸_右侧_返回起点.png,rehab_codex_single_camera_v2_1/assets/exercise-guides/pinky_dip_flexion/right/return.png,缓慢伸回起始姿势，不要求所有手指同时握拳。,单只手近景；从所测手指侧面拍摄，让各关节展开在画面内。,,待提供,
277,pinky_dip_extension,小指远端指间关节伸展,手指,左侧,准备姿势,pinky_dip_extension_left_start_小指远端指间关节伸展_左侧_准备姿势.png,rehab_codex_single_camera_v2_1/assets/exercise-guides/pinky_dip_extension/left/start.png,小指保持舒适屈曲姿势，记录起点。,单只手近景；从所测手指侧面拍摄，让各关节展开在画面内。,,待提供,
278,pinky_dip_extension,小指远端指间关节伸展,手指,左侧,完成动作,pinky_dip_extension_left_move_小指远端指间关节伸展_左侧_完成动作.png,rehab_codex_single_camera_v2_1/assets/exercise-guides/pinky_dip_extension/left/move.png,缓慢伸展小指靠近指尖的远端指间关节，不强行掰直。,单只手近景；从所测手指侧面拍摄，让各关节展开在画面内。,,待提供,
279,pinky_dip_extension,小指远端指间关节伸展,手指,左侧,返回起点,pinky_dip_extension_left_return_小指远端指间关节伸展_左侧_返回起点.png,rehab_codex_single_camera_v2_1/assets/exercise-guides/pinky_dip_extension/left/return.png,缓慢屈回刚才记录的起点，其他手指不要遮挡。,单只手近景；从所测手指侧面拍摄，让各关节展开在画面内。,,待提供,
280,pinky_dip_extension,小指远端指间关节伸展,手指,右侧,准备姿势,pinky_dip_extension_right_start_小指远端指间关节伸展_右侧_准备姿势.png,rehab_codex_single_camera_v2_1/assets/exercise-guides/pinky_dip_extension/right/start.png,小指保持舒适屈曲姿势，记录起点。,单只手近景；从所测手指侧面拍摄，让各关节展开在画面内。,,待提供,
281,pinky_dip_extension,小指远端指间关节伸展,手指,右侧,完成动作,pinky_dip_extension_right_move_小指远端指间关节伸展_右侧_完成动作.png,rehab_codex_single_camera_v2_1/assets/exercise-guides/pinky_dip_extension/right/move.png,缓慢伸展小指靠近指尖的远端指间关节，不强行掰直。,单只手近景；从所测手指侧面拍摄，让各关节展开在画面内。,,待提供,
282,pinky_dip_extension,小指远端指间关节伸展,手指,右侧,返回起点,pinky_dip_extension_right_return_小指远端指间关节伸展_右侧_返回起点.png,rehab_codex_single_camera_v2_1/assets/exercise-guides/pinky_dip_extension/right/return.png,缓慢屈回刚才记录的起点，其他手指不要遮挡。,单只手近景；从所测手指侧面拍摄，让各关节展开在画面内。,,待提供,
283,neck_lateral_flexion,头颈侧屈观察,头颈,左侧,准备姿势,neck_lateral_flexion_left_start_头颈侧屈观察_左侧_准备姿势.png,rehab_codex_single_camera_v2_1/assets/exercise-guides/neck_lateral_flexion/left/start.png,坐稳，头部保持舒适起点。,正对镜头，双眼与双肩清楚入镜。,,待提供,
284,neck_lateral_flexion,头颈侧屈观察,头颈,左侧,完成动作,neck_lateral_flexion_left_move_头颈侧屈观察_左侧_完成动作.png,rehab_codex_single_camera_v2_1/assets/exercise-guides/neck_lateral_flexion/left/move.png,向所选侧缓慢小幅侧屈头部，不转头或耸肩。,正对镜头，双眼与双肩清楚入镜。,,待提供,
285,neck_lateral_flexion,头颈侧屈观察,头颈,左侧,返回起点,neck_lateral_flexion_left_return_头颈侧屈观察_左侧_返回起点.png,rehab_codex_single_camera_v2_1/assets/exercise-guides/neck_lateral_flexion/left/return.png,缓慢回到起点。,正对镜头，双眼与双肩清楚入镜。,,待提供,
286,neck_lateral_flexion,头颈侧屈观察,头颈,右侧,准备姿势,neck_lateral_flexion_right_start_头颈侧屈观察_右侧_准备姿势.png,rehab_codex_single_camera_v2_1/assets/exercise-guides/neck_lateral_flexion/right/start.png,坐稳，头部保持舒适起点。,正对镜头，双眼与双肩清楚入镜。,,待提供,
287,neck_lateral_flexion,头颈侧屈观察,头颈,右侧,完成动作,neck_lateral_flexion_right_move_头颈侧屈观察_右侧_完成动作.png,rehab_codex_single_camera_v2_1/assets/exercise-guides/neck_lateral_flexion/right/move.png,向所选侧缓慢小幅侧屈头部，不转头或耸肩。,正对镜头，双眼与双肩清楚入镜。,,待提供,
288,neck_lateral_flexion,头颈侧屈观察,头颈,右侧,返回起点,neck_lateral_flexion_right_return_头颈侧屈观察_右侧_返回起点.png,rehab_codex_single_camera_v2_1/assets/exercise-guides/neck_lateral_flexion/right/return.png,缓慢回到起点。,正对镜头，双眼与双肩清楚入镜。,,待提供,
289,neck_flexion,头颈前屈观察,头颈,左侧,准备姿势,neck_flexion_left_start_头颈前屈观察_左侧_准备姿势.png,rehab_codex_single_camera_v2_1/assets/exercise-guides/neck_flexion/left/start.png,坐稳，头部处于舒适起点。,测试侧朝向镜头，同侧眼、耳、肩、髋清楚入镜；不要求另一侧肩膀可见。,,待提供,
290,neck_flexion,头颈前屈观察,头颈,左侧,完成动作,neck_flexion_left_move_头颈前屈观察_左侧_完成动作.png,rehab_codex_single_camera_v2_1/assets/exercise-guides/neck_flexion/left/move.png,按已确认安排缓慢小幅低头。,测试侧朝向镜头，同侧眼、耳、肩、髋清楚入镜；不要求另一侧肩膀可见。,,待提供,
291,neck_flexion,头颈前屈观察,头颈,左侧,返回起点,neck_flexion_left_return_头颈前屈观察_左侧_返回起点.png,rehab_codex_single_camera_v2_1/assets/exercise-guides/neck_flexion/left/return.png,缓慢回到起点，不强行抬高。,测试侧朝向镜头，同侧眼、耳、肩、髋清楚入镜；不要求另一侧肩膀可见。,,待提供,
292,neck_flexion,头颈前屈观察,头颈,右侧,准备姿势,neck_flexion_right_start_头颈前屈观察_右侧_准备姿势.png,rehab_codex_single_camera_v2_1/assets/exercise-guides/neck_flexion/right/start.png,坐稳，头部处于舒适起点。,测试侧朝向镜头，同侧眼、耳、肩、髋清楚入镜；不要求另一侧肩膀可见。,,待提供,
293,neck_flexion,头颈前屈观察,头颈,右侧,完成动作,neck_flexion_right_move_头颈前屈观察_右侧_完成动作.png,rehab_codex_single_camera_v2_1/assets/exercise-guides/neck_flexion/right/move.png,按已确认安排缓慢小幅低头。,测试侧朝向镜头，同侧眼、耳、肩、髋清楚入镜；不要求另一侧肩膀可见。,,待提供,
294,neck_flexion,头颈前屈观察,头颈,右侧,返回起点,neck_flexion_right_return_头颈前屈观察_右侧_返回起点.png,rehab_codex_single_camera_v2_1/assets/exercise-guides/neck_flexion/right/return.png,缓慢回到起点，不强行抬高。,测试侧朝向镜头，同侧眼、耳、肩、髋清楚入镜；不要求另一侧肩膀可见。,,待提供,
295,neck_extension,头颈后伸观察,头颈,左侧,准备姿势,neck_extension_left_start_头颈后伸观察_左侧_准备姿势.png,rehab_codex_single_camera_v2_1/assets/exercise-guides/neck_extension/left/start.png,坐稳，头部处于舒适起点。,测试侧朝向镜头，同侧眼、耳、肩、髋清楚入镜；不要求另一侧肩膀可见。,,待提供,
296,neck_extension,头颈后伸观察,头颈,左侧,完成动作,neck_extension_left_move_头颈后伸观察_左侧_完成动作.png,rehab_codex_single_camera_v2_1/assets/exercise-guides/neck_extension/left/move.png,仅在已获准的舒适范围内小幅抬头，不追求后仰极限。,测试侧朝向镜头，同侧眼、耳、肩、髋清楚入镜；不要求另一侧肩膀可见。,,待提供,
297,neck_extension,头颈后伸观察,头颈,左侧,返回起点,neck_extension_left_return_头颈后伸观察_左侧_返回起点.png,rehab_codex_single_camera_v2_1/assets/exercise-guides/neck_extension/left/return.png,缓慢回到起点。,测试侧朝向镜头，同侧眼、耳、肩、髋清楚入镜；不要求另一侧肩膀可见。,,待提供,
298,neck_extension,头颈后伸观察,头颈,右侧,准备姿势,neck_extension_right_start_头颈后伸观察_右侧_准备姿势.png,rehab_codex_single_camera_v2_1/assets/exercise-guides/neck_extension/right/start.png,坐稳，头部处于舒适起点。,测试侧朝向镜头，同侧眼、耳、肩、髋清楚入镜；不要求另一侧肩膀可见。,,待提供,
299,neck_extension,头颈后伸观察,头颈,右侧,完成动作,neck_extension_right_move_头颈后伸观察_右侧_完成动作.png,rehab_codex_single_camera_v2_1/assets/exercise-guides/neck_extension/right/move.png,仅在已获准的舒适范围内小幅抬头，不追求后仰极限。,测试侧朝向镜头，同侧眼、耳、肩、髋清楚入镜；不要求另一侧肩膀可见。,,待提供,
300,neck_extension,头颈后伸观察,头颈,右侧,返回起点,neck_extension_right_return_头颈后伸观察_右侧_返回起点.png,rehab_codex_single_camera_v2_1/assets/exercise-guides/neck_extension/right/return.png,缓慢回到起点。,测试侧朝向镜头，同侧眼、耳、肩、髋清楚入镜；不要求另一侧肩膀可见。,,待提供,
301,trunk_lateral_flexion,躯干侧屈观察,躯干,左侧,准备姿势,trunk_lateral_flexion_left_start_躯干侧屈观察_左侧_准备姿势.png,rehab_codex_single_camera_v2_1/assets/exercise-guides/trunk_lateral_flexion/left/start.png,稳定坐位，保持已确认的支撑。,正对镜头，双肩、双髋完整入镜。,,待提供,
302,trunk_lateral_flexion,躯干侧屈观察,躯干,左侧,完成动作,trunk_lateral_flexion_left_move_躯干侧屈观察_左侧_完成动作.png,rehab_codex_single_camera_v2_1/assets/exercise-guides/trunk_lateral_flexion/left/move.png,向所选侧小幅侧屈，不追求接近地面。,正对镜头，双肩、双髋完整入镜。,,待提供,
303,trunk_lateral_flexion,躯干侧屈观察,躯干,左侧,返回起点,trunk_lateral_flexion_left_return_躯干侧屈观察_左侧_返回起点.png,rehab_codex_single_camera_v2_1/assets/exercise-guides/trunk_lateral_flexion/left/return.png,缓慢回到起点，保持坐稳。,正对镜头，双肩、双髋完整入镜。,,待提供,
304,trunk_lateral_flexion,躯干侧屈观察,躯干,右侧,准备姿势,trunk_lateral_flexion_right_start_躯干侧屈观察_右侧_准备姿势.png,rehab_codex_single_camera_v2_1/assets/exercise-guides/trunk_lateral_flexion/right/start.png,稳定坐位，保持已确认的支撑。,正对镜头，双肩、双髋完整入镜。,,待提供,
305,trunk_lateral_flexion,躯干侧屈观察,躯干,右侧,完成动作,trunk_lateral_flexion_right_move_躯干侧屈观察_右侧_完成动作.png,rehab_codex_single_camera_v2_1/assets/exercise-guides/trunk_lateral_flexion/right/move.png,向所选侧小幅侧屈，不追求接近地面。,正对镜头，双肩、双髋完整入镜。,,待提供,
306,trunk_lateral_flexion,躯干侧屈观察,躯干,右侧,返回起点,trunk_lateral_flexion_right_return_躯干侧屈观察_右侧_返回起点.png,rehab_codex_single_camera_v2_1/assets/exercise-guides/trunk_lateral_flexion/right/return.png,缓慢回到起点，保持坐稳。,正对镜头，双肩、双髋完整入镜。,,待提供,
307,trunk_flexion,躯干前屈观察,躯干,左侧,准备姿势,trunk_flexion_left_start_躯干前屈观察_左侧_准备姿势.png,rehab_codex_single_camera_v2_1/assets/exercise-guides/trunk_flexion/left/start.png,稳定坐位，躯干保持舒适起点。,测试侧朝向镜头，同侧肩、髋完整入镜。,,待提供,
308,trunk_flexion,躯干前屈观察,躯干,左侧,完成动作,trunk_flexion_left_move_躯干前屈观察_左侧_完成动作.png,rehab_codex_single_camera_v2_1/assets/exercise-guides/trunk_flexion/left/move.png,按已确认安排小幅前倾，保持支撑。,测试侧朝向镜头，同侧肩、髋完整入镜。,,待提供,
309,trunk_flexion,躯干前屈观察,躯干,左侧,返回起点,trunk_flexion_left_return_躯干前屈观察_左侧_返回起点.png,rehab_codex_single_camera_v2_1/assets/exercise-guides/trunk_flexion/left/return.png,缓慢回到起点。,测试侧朝向镜头，同侧肩、髋完整入镜。,,待提供,
310,trunk_flexion,躯干前屈观察,躯干,右侧,准备姿势,trunk_flexion_right_start_躯干前屈观察_右侧_准备姿势.png,rehab_codex_single_camera_v2_1/assets/exercise-guides/trunk_flexion/right/start.png,稳定坐位，躯干保持舒适起点。,测试侧朝向镜头，同侧肩、髋完整入镜。,,待提供,
311,trunk_flexion,躯干前屈观察,躯干,右侧,完成动作,trunk_flexion_right_move_躯干前屈观察_右侧_完成动作.png,rehab_codex_single_camera_v2_1/assets/exercise-guides/trunk_flexion/right/move.png,按已确认安排小幅前倾，保持支撑。,测试侧朝向镜头，同侧肩、髋完整入镜。,,待提供,
312,trunk_flexion,躯干前屈观察,躯干,右侧,返回起点,trunk_flexion_right_return_躯干前屈观察_右侧_返回起点.png,rehab_codex_single_camera_v2_1/assets/exercise-guides/trunk_flexion/right/return.png,缓慢回到起点。,测试侧朝向镜头，同侧肩、髋完整入镜。,,待提供,
313,trunk_extension,躯干后伸观察,躯干,左侧,准备姿势,trunk_extension_left_start_躯干后伸观察_左侧_准备姿势.png,rehab_codex_single_camera_v2_1/assets/exercise-guides/trunk_extension/left/start.png,稳定坐位，躯干保持舒适起点。,测试侧朝向镜头，同侧肩、髋完整入镜。,,待提供,
314,trunk_extension,躯干后伸观察,躯干,左侧,完成动作,trunk_extension_left_move_躯干后伸观察_左侧_完成动作.png,rehab_codex_single_camera_v2_1/assets/exercise-guides/trunk_extension/left/move.png,仅按已确认安排小幅向后移动躯干，不追求后仰极限。,测试侧朝向镜头，同侧肩、髋完整入镜。,,待提供,
315,trunk_extension,躯干后伸观察,躯干,左侧,返回起点,trunk_extension_left_return_躯干后伸观察_左侧_返回起点.png,rehab_codex_single_camera_v2_1/assets/exercise-guides/trunk_extension/left/return.png,缓慢回到起点。,测试侧朝向镜头，同侧肩、髋完整入镜。,,待提供,
316,trunk_extension,躯干后伸观察,躯干,右侧,准备姿势,trunk_extension_right_start_躯干后伸观察_右侧_准备姿势.png,rehab_codex_single_camera_v2_1/assets/exercise-guides/trunk_extension/right/start.png,稳定坐位，躯干保持舒适起点。,测试侧朝向镜头，同侧肩、髋完整入镜。,,待提供,
317,trunk_extension,躯干后伸观察,躯干,右侧,完成动作,trunk_extension_right_move_躯干后伸观察_右侧_完成动作.png,rehab_codex_single_camera_v2_1/assets/exercise-guides/trunk_extension/right/move.png,仅按已确认安排小幅向后移动躯干，不追求后仰极限。,测试侧朝向镜头，同侧肩、髋完整入镜。,,待提供,
318,trunk_extension,躯干后伸观察,躯干,右侧,返回起点,trunk_extension_right_return_躯干后伸观察_右侧_返回起点.png,rehab_codex_single_camera_v2_1/assets/exercise-guides/trunk_extension/right/return.png,缓慢回到起点。,测试侧朝向镜头，同侧肩、髋完整入镜。,,待提供,
